review_idx,sentiment_label,overall,brand,category,aspect,aspect_sentiment,phrase
0,negative,1.0,SAMSUNG,All Electronics,connectivity,negative,screen mirroring refuses to connect
1,negative,1.0,GMYLE,Computers,design,negative,the dimension is off so much that
1,negative,1.0,GMYLE,Computers,delivery,negative,the return shipping is way over the
2,positive,5.0,Garmin,Home Audio & Theater,performance,positive,it even showed an address google and yahoo maps did not have
2,positive,5.0,Garmin,Home Audio & Theater,customer_service,positive,garmin tech support helped resolve my connection issue
3,positive,5.0,,,performance,positive,almost as powerful
3,positive,5.0,,,design,positive,does not have the fluid residue
4,positive,4.0,,,performance,positive,it charges extra fast which I liked a lot
4,positive,4.0,,,build_quality,negative,after about two months it starts to break
5,neutral,3.0,Logitech,Computers,screen_display,neutral,video is okay
5,neutral,3.0,Logitech,Computers,sound_audio,negative,audio is poopy
7,neutral,3.0,Xtenzi,Portable Audio & Accessories,performance,positive,worked great for a while
7,neutral,3.0,Xtenzi,Portable Audio & Accessories,connectivity,negative,cut in and out
7,neutral,3.0,Xtenzi,Portable Audio & Accessories,price_value,positive,better and cheaper
9,positive,4.0,VideoSecu,Office Products,screen_display,negative,getting the image to center and level was tricky
10,neutral,3.0,,,camera,positive,the camera arrived early
10,neutral,3.0,,,battery_life,negative,there was no battery
11,negative,1.0,,,connectivity,negative,refusing to read any usb devices
12,neutral,3.0,,,delivery,positive,ssd arrived quickly
12,neutral,3.0,,,performance,positive,installed win 7 ultimate 64 bit without issue
12,neutral,3.0,,,performance,positive,ssd fit perfectly
12,neutral,3.0,,,performance,positive,cold boot time is around 20 seconds
12,neutral,3.0,,,performance,negative,laptop is now having trouble consistently booting
13,negative,1.0,Western Digital,All Electronics,performance,negative,started loosing my files when i lost 2 hours work
13,negative,1.0,Western Digital,All Electronics,customer_service,negative,representative decided hard drive is ok but agree to replace
14,positive,5.0,Amazon Renewed,Home Audio & Theater,price_value,positive,great price too
15,negative,2.0,,,build_quality,negative,too smooth to confidently hold it but with some sort of film on it that still makes it feel slippery
16,negative,1.0,,,connectivity,negative,wouldn't have purchased this if the description was correct
17,neutral,3.0,Impossible,Camera & Photo,design,negative,impossible for the sx 70 to lie flat
18,positive,5.0,Micro Solution of Japan,Camera & Photo,screen_display,positive,better than other screen protectors
18,positive,5.0,Micro Solution of Japan,Camera & Photo,performance,positive,installation was fast and bubble free
19,positive,5.0,Panasonic,Camera & Photo,camera,positive,very low noise with right settings
19,positive,5.0,Panasonic,Camera & Photo,camera,positive,no chromatic aberration
19,positive,5.0,Panasonic,Camera & Photo,camera,positive,great image stabilization
19,positive,5.0,Panasonic,Camera & Photo,camera,positive,good focusing aids
19,positive,5.0,Panasonic,Camera & Photo,design,positive,controls are numerous and features are countless
20,negative,1.0,,,connectivity,negative,does not pair with my laptop
20,negative,1.0,,,price_value,negative,i would not have bought this thing
21,negative,2.0,FAVI,Home Audio & Theater,price_value,positive,great value
21,negative,2.0,FAVI,Home Audio & Theater,build_quality,positive,product material seems good
21,negative,2.0,FAVI,Home Audio & Theater,design,positive,able to roll up the screen
21,negative,2.0,FAVI,Home Audio & Theater,screen_display,negative,screen curls at the edges
22,negative,2.0,,,sound_audio,negative,no sound it turns out that the transmitter merely passes the 5 1 audio
23,negative,1.0,Sony,All Electronics,price_value,negative,good price thought was a fair amount
23,negative,1.0,Sony,All Electronics,customer_service,negative,incorrect pricing of the tv
24,negative,2.0,,,build_quality,negative,it wobbles like crazy with my d7000
24,negative,2.0,,,performance,negative,it is not a very effective solution
25,positive,4.0,UniquExceptional,Camera & Photo,battery_life,negative,batteries went out that operate the led in only a month of use
27,negative,2.0,PIXEL,Camera & Photo,build_quality,negative,did not fit fz50 lumix and hangs off camera
28,negative,1.0,SanDisk,All Electronics,performance,negative,old slow and obsolete
30,negative,1.0,,,battery_life,negative,won't charge purchased
30,negative,1.0,,,price_value,negative,too expensive for a years
30,negative,1.0,,,performance,negative,won't even charge
31,neutral,3.0,C. Crane,Home Audio & Theater,build_quality,negative,cheap grade of plastic shell melted
31,neutral,3.0,C. Crane,Home Audio & Theater,build_quality,negative,cheaply constructed photovoltaic strip panel began to peel
31,neutral,3.0,C. Crane,Home Audio & Theater,price_value,negative,i overpaid for this emergency radio
32,negative,1.0,Neewer,Camera & Photo,screen_display,negative,the display turns off and i cannot review photos when connected the view screen on the camera goes black
33,negative,2.0,,,performance,negative,every other disk causes an error
33,negative,2.0,,,price_value,negative,actually paying for about 25 30 instead of 50
34,positive,4.0,,,sound_audio,positive,they almost do they come the closest to making everything silent
34,positive,4.0,,,sound_audio,positive,the music has super great sound
35,positive,5.0,,,performance,positive,it works well
35,positive,5.0,,,build_quality,positive,seems like it will last
35,positive,5.0,,,price_value,positive,spent a little more for it
36,positive,5.0,Tech Rover,Computers,performance,positive,works well
36,positive,5.0,Tech Rover,Computers,design,positive,fits
36,positive,5.0,Tech Rover,Computers,battery_life,positive,charges just like the original
36,positive,5.0,Tech Rover,Computers,price_value,positive,can't beat the price
36,positive,5.0,Tech Rover,Computers,price_value,negative,do not waste your money
37,positive,5.0,Amazon Basics,Cell Phones & Accessories,price_value,positive,i got two for cheaper than i would a single one anywhere else
37,positive,5.0,Amazon Basics,Cell Phones & Accessories,price_value,positive,big companies such as microsoft and sony will charge you 50 for a 6' long cable
37,positive,5.0,Amazon Basics,Cell Phones & Accessories,screen_display,positive,great video quality too
38,negative,2.0,,,price_value,positive,it was pretty cheap
38,negative,2.0,,,connectivity,negative,i had to get it very close
38,negative,2.0,,,connectivity,negative,it wasn't working good and kept losing the signal
39,positive,5.0,GadgetBRAT,All Electronics,price_value,positive,good product for the price
39,positive,5.0,GadgetBRAT,All Electronics,build_quality,positive,helps keep the earbuds in place without discomfort
40,negative,1.0,JVC,Home Audio & Theater,build_quality,negative,uncomfortable on my head with no padding
40,negative,1.0,JVC,Home Audio & Theater,sound_audio,neutral,sound was okay nothing amazing
40,negative,1.0,JVC,Home Audio & Theater,delivery,negative,adapter piece shown very clearly didn't arrive
40,negative,1.0,JVC,Home Audio & Theater,design,positive,cord was insanely long
41,positive,5.0,,,design,positive,design of the stand is super sleek and modern
41,positive,5.0,,,sound_audio,positive,didn't expect a thirty dollar headphone stand to have a decent dac
41,positive,5.0,,,performance,positive,works fine for system sounds and the occasional video
41,positive,5.0,,,build_quality,positive,cable management in the back is well thought
43,neutral,3.0,,,performance,positive,easy to setup monitor and make setup changes to the router
43,neutral,3.0,,,connectivity,negative,range not as great as advertised
43,neutral,3.0,,,connectivity,negative,signal very week despite different locations
43,neutral,3.0,,,performance,negative,advertise for medium to large homes
44,negative,1.0,,,build_quality,negative,feels like we could snap it in half
44,negative,1.0,,,build_quality,negative,provides zero protection
44,negative,1.0,,,build_quality,negative,it is not rubberized it's plastic
44,negative,1.0,,,design,positive,if you want to just change the color
45,positive,5.0,,,connectivity,positive,i refuse to use wifi
45,positive,5.0,,,design,positive,this is perfect for my apartment
47,positive,5.0,,,price_value,positive,hoping to find these cables a bit cheaper
47,positive,5.0,,,build_quality,positive,quality product and well made
47,positive,5.0,,,performance,positive,get years of use from them
49,neutral,3.0,,,design,negative,way too small for my minivan
49,neutral,3.0,,,build_quality,negative,quality seemed okay for what its worth
6,negative,1.0,Western Digital,Computers,performance,negative,i have been very unlucky with wd
8,negative,2.0,,,design,negative,didn't care for the ergo design
29,negative,1.0,Wasabi Power,Camera & Photo,performance,negative,they just started going to crap on their own
42,negative,2.0,,,build_quality,negative,feels extremely cheap
42,negative,2.0,,,design,negative,earbuds are very weird
48,neutral,3.0,Prokit Adhesive,Computers,screen_display,positive,thanks for the pad 2 digitzer sceen
51,neutral,3.0,ENERGY,Home Audio & Theater,sound_audio,negative,it just failed to properly fill the missing low frequencies properly
52,negative,1.0,Logitech,Computers,connectivity,negative,not compatible with our 6300 40 samsung smart tv
52,negative,1.0,Logitech,Computers,customer_service,negative,wanted to charge us before any help
53,negative,2.0,,,sound_audio,positive,sound quality and appearance are both good
53,negative,2.0,,,design,positive,sound quality and appearance are both good
53,negative,2.0,,,connectivity,negative,lack of basic features no on off switch
54,neutral,3.0,,,build_quality,neutral,strap works well the fit for me is not great but ok
54,neutral,3.0,,,build_quality,neutral,the bottom plate fits my camera d3200 just ok
54,neutral,3.0,,,build_quality,negative,i guess that is what you get for a one size fits all
54,neutral,3.0,,,performance,positive,overall i am happy with the performance
54,neutral,3.0,,,price_value,positive,i am happy with the performance for the price i paid
55,neutral,3.0,Creative,All Electronics,sound_audio,positive,the sound card itself is absolutely great
55,neutral,3.0,Creative,All Electronics,software_app,negative,they were a buggy train wreck that caused nothing but problems
56,positive,5.0,Edimax,Computers,performance,positive,works great
56,positive,5.0,Edimax,Computers,connectivity,positive,my internet is strong
56,positive,5.0,Edimax,Computers,performance,positive,easy to set up
57,positive,5.0,,,design,positive,fits the fire like a glove
57,positive,5.0,,,design,neutral,not flashy
57,positive,5.0,,,build_quality,negative,clasp to hold the cover shut
57,positive,5.0,,,build_quality,negative,hard plastic back
57,positive,5.0,,,build_quality,positive,flexible plastic front
57,positive,5.0,,,design,positive,offers good protection
57,positive,5.0,,,design,neutral,no fancy graphics
58,positive,5.0,,,performance,positive,brought my old uniden set back to life
59,neutral,3.0,VIZIO,Home Audio & Theater,battery_life,negative,lasted 3 mos know it is a design flaw
60,neutral,3.0,,,performance,negative,sometimes imprecise
60,neutral,3.0,,,software_app,negative,not compatible with training plans
62,positive,4.0,TOKINA,Camera & Photo,camera,positive,pretty decent
62,positive,4.0,TOKINA,Camera & Photo,camera,negative,not the best
62,positive,4.0,TOKINA,Camera & Photo,camera,positive,very little distortion
62,positive,4.0,TOKINA,Camera & Photo,build_quality,positive,pretty solid
62,positive,4.0,TOKINA,Camera & Photo,performance,positive,how easily this thing switches
62,positive,4.0,TOKINA,Camera & Photo,design,negative,not being able to use
63,positive,5.0,,,software_app,positive,used this webcam extensively on ubuntu linux 8 04 windows xp the windows 7 beta and the w7 release candidate
63,positive,5.0,,,build_quality,positive,it perches nicely on a laptop screen during use
64,neutral,3.0,SABRE,Tools & Home Improvement,build_quality,negative,poor mounting system
64,neutral,3.0,SABRE,Tools & Home Improvement,battery_life,negative,batteries are claimed to last two to three months
65,positive,5.0,DSTE,All Electronics,battery_life,positive,lasts as long as oem battery
66,positive,5.0,,,connectivity,positive,i use it for my xbone ps4 and wiiu
66,positive,5.0,,,performance,positive,it changes flawlessly
66,positive,5.0,,,software_app,positive,the remote also works as intended
67,negative,2.0,Cable Matters,Computers,performance,negative,this wireless n where my samsung tab and note 4 will pull 60 80mbps on my wifi in the same spot as my pc and my ps4 will pull at least 40
67,negative,2.0,Cable Matters,Computers,performance,negative,this stick will only pull 14mbps tops
67,negative,2.0,Cable Matters,Computers,design,negative,same speeds as this wireless n where my samsung tab and note 4 will pull 60 80mbps
68,negative,1.0,,,performance,negative,this drive is incompatible with windows backup
69,positive,5.0,Apple,Home Audio & Theater,sound_audio,positive,better sound than my first generation nano
69,positive,5.0,Apple,Home Audio & Theater,screen_display,neutral,forward and reverse buttons to work fine
69,positive,5.0,Apple,Home Audio & Theater,performance,positive,it is a good product
71,neutral,3.0,Gosky,Camera & Photo,design,negative,it has sharp edges
71,neutral,3.0,Gosky,Camera & Photo,screen_display,negative,its hard to get your scope pointed at the target
71,neutral,3.0,Gosky,Camera & Photo,design,negative,its weight is at a weird angle
72,neutral,3.0,Dayton Audio,Home Audio & Theater,connectivity,negative,it doesn't come with banana style connections
73,positive,5.0,,,performance,positive,adds 50 more speedy storage
73,positive,5.0,,,build_quality,positive,without adding extra bulk
74,neutral,3.0,iON Camera,Camera & Photo,camera,negative,the rolling shutter effect this camera uses
74,neutral,3.0,iON Camera,Camera & Photo,connectivity,negative,there doesn't seem to be any sort of image stabilization software or optical
75,negative,1.0,ASUS,Computers,connectivity,negative,2 4ghz and 5ghz connection would disappear
75,negative,1.0,ASUS,Computers,performance,negative,wireless connection would work for a while then disappears again
76,neutral,3.0,,,performance,positive,it works as expected
76,neutral,3.0,,,price_value,positive,price is fair enough
77,neutral,3.0,eTopxizu,,price_value,positive,decent cheap power supply
77,neutral,3.0,eTopxizu,,performance,positive,good amount of current up to 20a
77,neutral,3.0,eTopxizu,,performance,negative,cannot actually handle 30a
77,neutral,3.0,eTopxizu,,performance,positive,very little difference under load vs no load
77,neutral,3.0,eTopxizu,,sound_audio,negative,loud fan
78,positive,5.0,Halcyon,Camera & Photo,battery_life,negative,don't seem to be significantly longer lasting
78,positive,5.0,Halcyon,Camera & Photo,price_value,positive,very usable
79,neutral,3.0,,,connectivity,positive,great network both wired and wireless
79,neutral,3.0,,,software_app,positive,web gui is great to use
79,neutral,3.0,,,customer_service,positive,vendor is g
80,negative,1.0,,,performance,negative,card failed after just one use
80,negative,1.0,,,customer_service,positive,update transcend tech support sent me a new one
81,positive,5.0,,,price_value,positive,well worth the money
81,positive,5.0,,,build_quality,positive,fits well
81,positive,5.0,,,screen_display,positive,very pleased to be able to use the touch screen
81,positive,5.0,,,connectivity,negative,head phone jack is a little bit off
82,positive,5.0,,,performance,positive,works great much faster
82,positive,5.0,,,build_quality,positive,simple to swap
82,positive,5.0,,,price_value,positive,price is also good
83,neutral,3.0,,,build_quality,positive,hardware quality of the included hardware is good
83,neutral,3.0,,,build_quality,negative,you will need to buy a resistor assortment
83,neutral,3.0,,,screen_display,negative,you have to get out the little 5watt soldering iron
84,neutral,3.0,,,performance,negative,way too many false positives
85,positive,5.0,Thermaltake,Computers,build_quality,positive,hasn't let me down and will run for decades
86,neutral,3.0,RCA,Home Audio & Theater,performance,negative,it worked much better than this thing did
87,neutral,3.0,,,connectivity,negative,unable to use it sad
88,neutral,3.0,Padded Spaces,Computers,build_quality,neutral,the thing you lay your iphone or ipad on
89,neutral,3.0,,,performance,negative,the motion is not smooth actually quite hard
89,neutral,3.0,,,build_quality,negative,which reflects poorly on the build quality
89,neutral,3.0,,,camera,positive,otherwise nice lens to get play around with
90,negative,2.0,Panasonic,Office Products,sound_audio,negative,cannot hear me very well
90,negative,2.0,Panasonic,Office Products,sound_audio,negative,my voice sounds scratchy
90,negative,2.0,Panasonic,Office Products,performance,negative,mutes the incoming audio
91,positive,5.0,Rocketfish,Camera & Photo,build_quality,positive,the rock is well built
91,positive,5.0,Rocketfish,Camera & Photo,design,negative,the manfrotto topped out at 53 inches and i'm six feet tall
91,positive,5.0,Rocketfish,Camera & Photo,performance,positive,the pan tilt head is very smooth
92,positive,5.0,Roku,All Electronics,performance,positive,this equipment works great for watching netflix
93,negative,1.0,ChannelPlus,All Electronics,connectivity,negative,i try to combine signal from two antennas pointing to two 90 degree separate directions
94,negative,1.0,BOSS Audio Systems,Car Electronics,screen_display,negative,screen lags and is unresponsive
94,negative,1.0,BOSS Audio Systems,Car Electronics,price_value,negative,i spent 110 to get this thing installed
94,negative,1.0,BOSS Audio Systems,Car Electronics,customer_service,positive,outstanding amazon customer service
95,positive,5.0,PEDCO,Sports & Outdoors,design,positive,small easy to pack away lightweight
95,positive,5.0,PEDCO,Sports & Outdoors,build_quality,positive,strong
95,positive,5.0,PEDCO,Sports & Outdoors,camera,positive,incredibly versatile a must have for any camera
96,positive,5.0,Sony,All Electronics,performance,positive,loaded in under 3 seconds after
96,positive,5.0,Sony,All Electronics,screen_display,positive,amazed at the quality of the picture
98,negative,2.0,Fotodiox,Camera & Photo,camera,negative,thought it would but it didn't
100,neutral,3.0,JLab,Home Audio & Theater,sound_audio,positive,noise isolating qualities which is nice
100,neutral,3.0,JLab,Home Audio & Theater,build_quality,neutral,comfort is so so
100,neutral,3.0,JLab,Home Audio & Theater,sound_audio,negative,sound quality is not as good
100,neutral,3.0,JLab,Home Audio & Theater,price_value,negative,i wish i hadn't spent this much money
102,negative,1.0,ABC Products,Camera & Photo,performance,positive,OEM charges faster
102,negative,1.0,ABC Products,Camera & Photo,performance,positive,great for data transfers
102,negative,1.0,ABC Products,Camera & Photo,connectivity,negative,would not install drivers
102,negative,1.0,ABC Products,Camera & Photo,connectivity,positive,OEM did install drivers
103,negative,1.0,Garmin,GPS & Navigation,sound_audio,negative,voice was basically unintelligible
103,negative,1.0,Garmin,GPS & Navigation,customer_service,positive,hassle free exchange
105,positive,5.0,,,performance,positive,does whats needed for our minimal windows server
105,positive,5.0,,,build_quality,positive,great motherboard
106,positive,5.0,ephotoinc,Camera & Photo,performance,positive,it works fine
106,positive,5.0,ephotoinc,Camera & Photo,build_quality,negative,the power cord is a little strange
107,negative,1.0,StarTech,All Electronics,sound_audio,negative,this background noise the moment i put it into the slot
107,negative,1.0,StarTech,All Electronics,sound_audio,negative,this is the worst sound card i've ever encounter
108,positive,4.0,DBPOWER,All Electronics,battery_life,positive,long battery life
109,neutral,3.0,Fintie,Computers,build_quality,negative,foam piece does not remain in place
109,neutral,3.0,Fintie,Computers,build_quality,negative,space bar is nonresponsive
109,neutral,3.0,Fintie,Computers,connectivity,negative,bluetooth does not reconnect automatically
109,neutral,3.0,Fintie,Computers,price_value,positive,price is good
109,neutral,3.0,Fintie,Computers,design,positive,keys beside space bar are nice
109,neutral,3.0,Fintie,Computers,build_quality,positive,does protect the screen when closed
110,positive,5.0,,,price_value,positive,cheap much cheaper than the amazon brand
110,positive,5.0,,,design,positive,looks great
110,positive,5.0,,,design,positive,looks about the same
110,positive,5.0,,,build_quality,negative,was initially hard for me to open
111,negative,1.0,Onkyo,Home Audio & Theater,performance,negative,receiver stopped working
111,negative,1.0,Onkyo,Home Audio & Theater,delivery,negative,instructed by onkyo to take it to an authorized dealer
111,negative,1.0,Onkyo,Home Audio & Theater,customer_service,negative,instructed by onkyo to take it to an authorized dealer
112,neutral,3.0,,,design,negative,handle position that is the biggest draw back
113,positive,5.0,,,performance,positive,it works great
114,positive,4.0,,,connectivity,positive,easy to set up sync with my phone
114,positive,4.0,,,sound_audio,positive,sound is great
114,positive,4.0,,,build_quality,negative,doesn't have an off button
115,positive,5.0,Tontec,Computers,build_quality,positive,precision fit
116,neutral,3.0,,,connectivity,negative,wire grip is tight enough to drag the whole unit
117,positive,5.0,,,build_quality,positive,keys have excellent feel
117,positive,5.0,,,performance,positive,this one macro keys work great
118,positive,5.0,,,price_value,positive,it was affordable
118,positive,5.0,,,connectivity,positive,follow the full usb c specification
119,negative,1.0,LG,Home Audio & Theater,sound_audio,negative,the right side is so weak i can barely get any sound
119,negative,1.0,LG,Home Audio & Theater,performance,negative,i expected a lot better performance
119,negative,1.0,LG,Home Audio & Theater,price_value,negative,the money i paid for this product
120,neutral,3.0,,,design,positive,beautifully designed
120,neutral,3.0,,,sound_audio,negative,not as loud as few reviewers claimed
121,negative,2.0,YONGNUO,Camera & Photo,delivery,negative,it only arrived with 58 not even listed on the product page
121,negative,2.0,YONGNUO,Camera & Photo,screen_display,negative,it's not very bright
121,negative,2.0,YONGNUO,Camera & Photo,performance,negative,but it does
122,negative,1.0,ASUS,Computers,connectivity,negative,didn't work out of the box wasn't recognized by my motherboard
124,positive,5.0,Skinomi,Computers,build_quality,positive,they are strong have a wonderful feel and are self healing
124,positive,5.0,Skinomi,Computers,design,positive,have a wonderful feel
124,positive,5.0,Skinomi,Computers,customer_service,positive,they will replace it almost free of charge
124,positive,5.0,Skinomi,Computers,price_value,positive,all you have to pay is a small s h fee
125,negative,1.0,,,camera,negative,card error with gold 90mb ones super disappointed
126,negative,2.0,,,performance,negative,get extremely hot and then stops working
127,neutral,3.0,Fancierstudio,Camera & Photo,camera,positive,especially if you're traveling with it photographically it's not bad
128,negative,1.0,,,performance,negative,it didn't work for what i used it for
130,negative,2.0,,,build_quality,negative,dividers broke came unglued
130,negative,2.0,,,design,negative,the box is the perfect size
131,positive,5.0,PAPAGO,All Electronics,performance,negative,the suction cup sucks
132,negative,1.0,CyberTech,All Electronics,build_quality,negative,the blinking light is so annoying
132,negative,1.0,CyberTech,All Electronics,connectivity,negative,pair this to multiple devices
133,negative,1.0,Memorex,All Electronics,customer_service,negative,memorex has non existent support
133,negative,1.0,Memorex,All Electronics,performance,negative,player locked up and will not play
134,neutral,3.0,,,performance,positive,works for what i needed it for
134,neutral,3.0,,,build_quality,neutral,quality is about average
134,neutral,3.0,,,connectivity,positive,does have an ac port
134,neutral,3.0,,,connectivity,negative,without that it would only power up 1 usb ssd drive at a time
135,positive,5.0,uxcell,Industrial & Scientific,connectivity,positive,motherboard has only two usb 3.0 ports back
135,positive,5.0,uxcell,Industrial & Scientific,performance,positive,it worked perfectly it was an easy task
136,positive,4.0,,,performance,positive,brings in all the channels without pixelation
136,positive,4.0,,,design,negative,blades on 110v plug are kind of thin
136,positive,4.0,,,customer_service,negative,assembly instructions not great
136,positive,4.0,,,build_quality,positive,everything fit together well
137,positive,5.0,,,design,positive,the case is a nice feature
137,positive,5.0,,,design,negative,you'll have to spend some time figuring out
138,neutral,3.0,,,battery_life,positive,lasted quite a while
138,neutral,3.0,,,build_quality,positive,fairly comfortable
138,neutral,3.0,,,price_value,positive,didn't pay too much
139,positive,5.0,PNY,All Electronics,performance,positive,worked very well for moving files
139,positive,5.0,PNY,All Electronics,performance,negative,higher capacities don't get recognized
139,positive,5.0,PNY,All Electronics,design,positive,handy and compact
140,negative,1.0,Dayton Audio,Home Audio & Theater,sound_audio,negative,could just barely hear sound
141,positive,5.0,,,performance,negative,didn't seem initially that the system was working
141,positive,5.0,,,build_quality,negative,cable is difficult to install requires a strong push
142,negative,2.0,,,performance,negative,started blinking and color was changing
142,negative,2.0,,,camera,negative,camera went out
142,negative,2.0,,,customer_service,negative,seller but to no avail
143,positive,5.0,XShot,Camera & Photo,build_quality,positive,fits nice and firmly on it i don't have to worry about my camera sliding while it's recording
144,neutral,3.0,Mediabridge,Home Audio & Theater,delivery,positive,purchase process was smooth and efficient
145,negative,2.0,,,software_app,negative,too many pre loaded apps
146,neutral,3.0,,,screen_display,negative,screen is already difficult to see
147,negative,1.0,Logitech,All Electronics,battery_life,negative,the battery is not good
148,positive,5.0,Assurant,Camera & Photo,build_quality,positive,it feels nice knowing i can
150,negative,1.0,,,battery_life,negative,the battery started failing
151,negative,1.0,VIZIO,All Electronics,screen_display,positive,great picture
151,negative,1.0,VIZIO,All Electronics,sound_audio,positive,decent sound
151,negative,1.0,VIZIO,All Electronics,performance,negative,totally died
151,negative,1.0,VIZIO,All Electronics,customer_service,negative,trouble shoot it but did not succeed
151,negative,1.0,VIZIO,All Electronics,design,negative,5 inches smaller than the
153,negative,1.0,,,build_quality,negative,the antenna mast flies off of my car
153,negative,1.0,,,build_quality,negative,the mast had broke off at the threads
154,neutral,3.0,acer,Computers,price_value,positive,fair price
154,neutral,3.0,acer,Computers,delivery,positive,delivery fast
154,neutral,3.0,acer,Computers,build_quality,negative,work but not the best
154,neutral,3.0,acer,Computers,customer_service,neutral,the seller isn't at fault
155,negative,2.0,Abco Tech,Home Audio & Theater,build_quality,negative,hurt having it in my ear
155,negative,2.0,Abco Tech,Home Audio & Theater,sound_audio,negative,sound is not clear
156,negative,1.0,SoundPEATS,Cell Phones & Accessories,connectivity,negative,i have pair them every time
157,positive,5.0,Microsoft,Computers,build_quality,positive,lightweight moving it requires minimal effort
157,positive,5.0,Microsoft,Computers,build_quality,positive,scrolls incredibly
157,positive,5.0,Microsoft,Computers,design,negative,i have to hold my hand over the entire mouse
157,positive,5.0,Microsoft,Computers,design,negative,could not locate a button to go forward and backward
158,positive,5.0,,,design,positive,this stylus is very well made
159,positive,5.0,,,design,positive,great reflector and big these are great for reflecting light for a full body shot
160,positive,5.0,JanSport,AMAZON FASHION,build_quality,positive,much better made than his last one
160,positive,5.0,JanSport,AMAZON FASHION,performance,positive,it rolls better and is a lot lighter
160,positive,5.0,JanSport,AMAZON FASHION,customer_service,positive,has a great warranty
161,positive,5.0,,,design,positive,great design
161,positive,5.0,,,sound_audio,positive,pretty loud
161,positive,5.0,,,design,positive,not too bulky
161,positive,5.0,,,battery_life,positive,battery is replaceable
162,negative,1.0,Creative,Computers,performance,negative,product failed to charge
162,negative,1.0,Creative,Computers,connectivity,negative,internet wasn't working
163,negative,2.0,,,build_quality,negative,fit nicely but was somewhat uncomfortable
163,negative,2.0,,,sound_audio,negative,they are super boomy
163,negative,2.0,,,software_app,negative,they also were giving me a software error
164,positive,5.0,,,customer_service,positive,word of mouth rather amazon reviews
164,positive,5.0,,,sound_audio,negative,awkward stutter from my dedicated soundcard
165,positive,4.0,,,performance,positive,seem to work fine
165,positive,4.0,,,price_value,positive,great price
166,negative,1.0,Panasonic,All Electronics,performance,negative,would not recognize either normal dvd's nor blu ray
166,negative,1.0,Panasonic,All Electronics,software_app,negative,upgrade instructions were vague
166,negative,1.0,Panasonic,All Electronics,customer_service,negative,website wasn't much of a help
167,negative,2.0,Logitech,Computers,design,positive,nice case
167,negative,2.0,Logitech,Computers,connectivity,negative,the cutout for the plug is not big enough
168,neutral,3.0,,,price_value,positive,good price
168,neutral,3.0,,,connectivity,negative,pin that plugs into the machine is a little loose fitting
169,positive,4.0,,,build_quality,neutral,well enough made
169,positive,4.0,,,performance,positive,it works
170,positive,5.0,iKross,Computers,connectivity,neutral,usb only
170,positive,5.0,iKross,Computers,performance,positive,works great
170,positive,5.0,iKross,Computers,price_value,positive,you can't beat the price
171,negative,2.0,DMS,Computers,design,negative,it looked and felt even smaller
172,neutral,3.0,SZJMSR,Cell Phones & Accessories,sound_audio,positive,audio quality is good
172,neutral,3.0,SZJMSR,Cell Phones & Accessories,connectivity,negative,this unit has a way of saying 'paired' or 'waiting for pairing'
172,neutral,3.0,SZJMSR,Cell Phones & Accessories,software_app,negative,mine ended up changing the language to japanese
172,neutral,3.0,SZJMSR,Cell Phones & Accessories,battery_life,negative,it loses power periodically
173,neutral,3.0,,,price_value,positive,well worth the 29
173,neutral,3.0,,,design,negative,a bit chunky
173,neutral,3.0,,,build_quality,negative,earpieces are not big enough
174,positive,5.0,DIGIANT,Camera & Photo,build_quality,negative,a little heavy
174,positive,5.0,DIGIANT,Camera & Photo,build_quality,positive,survived a few months
174,positive,5.0,DIGIANT,Camera & Photo,performance,positive,still working like a charm
175,positive,5.0,JJC,Camera & Photo,design,positive,fits perfectly
175,positive,5.0,JJC,Camera & Photo,performance,positive,works great
176,negative,2.0,,,camera,neutral,ok camera at best
176,negative,2.0,,,battery_life,neutral,battery life was ok
176,negative,2.0,,,build_quality,positive,solid feel which were both big pluses
177,neutral,3.0,,,design,negative,this is to small for me
177,neutral,3.0,,,design,positive,it's a very nice backpack
179,negative,2.0,,,design,negative,the shelf is huge and made of glass too heavy
181,neutral,3.0,,,battery_life,positive,improving on battery life
181,neutral,3.0,,,design,neutral,retains the same dimensions
182,positive,5.0,ONME,All Electronics,build_quality,positive,these have been the best
182,positive,5.0,ONME,All Electronics,performance,positive,they work great with hdmi usb
182,positive,5.0,ONME,All Electronics,performance,negative,will not work on larger cables
184,negative,1.0,LG,All Electronics,performance,negative,my item arrived doa
184,negative,1.0,LG,All Electronics,customer_service,negative,this review unfortunately is of lg's customer service department
185,neutral,3.0,SanDisk,Computers,camera,negative,freeze lock ups
186,neutral,3.0,,,design,negative,too big for my taste
187,positive,5.0,,,sound_audio,positive,great sound
187,positive,5.0,,,battery_life,positive,excellent battery life
187,positive,5.0,,,connectivity,positive,easy pairing
187,positive,5.0,,,design,positive,pleasantly comfortable
188,negative,1.0,Sony,All Electronics,screen_display,negative,three years after purchase horizontal lines began to develop
188,negative,1.0,Sony,All Electronics,performance,negative,didn't even last four years
189,negative,2.0,Besteye,Computers,sound_audio,negative,volume switch on the speakers is on the back hard to get to
190,neutral,3.0,Unknown,Toys & Games,build_quality,negative,seemed like a cheap low quality item
191,neutral,3.0,,,price_value,negative,cheap
191,neutral,3.0,,,build_quality,negative,flimsy
191,neutral,3.0,,,connectivity,negative,don't let you fast charge
191,neutral,3.0,,,performance,negative,good only for a pinch
192,negative,1.0,C2G,All Electronics,connectivity,negative,unfortunately every time i tried to print a document there was an error
193,negative,1.0,F&W,Cell Phones & Accessories,sound_audio,negative,they are not very loud and because the sound is muffled
194,neutral,3.0,YI,Camera & Photo,customer_service,negative,there is no access to customer support
194,neutral,3.0,YI,Camera & Photo,customer_service,negative,can't figure out where to ask
194,neutral,3.0,YI,Camera & Photo,camera,positive,the camera itself isn't bad
194,neutral,3.0,YI,Camera & Photo,software_app,negative,the app has a few problems
195,positive,5.0,Mayardfun,Camera & Photo,connectivity,positive,works well alleviated the need to have multiple plug
196,neutral,3.0,,,performance,neutral,quiet but equally slow and don't move much air
197,positive,5.0,Philips,Home Audio & Theater,connectivity,positive,the cord is long
197,positive,5.0,Philips,Home Audio & Theater,design,positive,headphone fit snug
197,positive,5.0,Philips,Home Audio & Theater,sound_audio,positive,headphone are loud
198,neutral,3.0,Logitech,All Electronics,sound_audio,negative,low end with respect to sound quality
198,neutral,3.0,Logitech,All Electronics,price_value,positive,really cheap for what you get
199,positive,5.0,Sony,Camera & Photo,price_value,positive,for the money you can not beat them
199,positive,5.0,Sony,Camera & Photo,build_quality,positive,very well made
201,neutral,3.0,OLYMPUS,All Electronics,customer_service,negative,i found a problem with customer support
202,positive,5.0,,,sound_audio,positive,very happy with the sound that comes out
202,positive,5.0,,,sound_audio,positive,fair amount of volume and has enough bass boost
203,positive,5.0,,,build_quality,positive,no problems with this cable
205,neutral,3.0,Square Deal Recordings & Supplies,All Electronics,build_quality,negative,dirt or some other substance trapped
206,positive,4.0,Camera Armor,Camera & Photo,design,negative,back of their iphones and ipod touches super shiny
206,positive,4.0,Camera Armor,Camera & Photo,build_quality,positive,does everything it is suppose to it is a great
207,neutral,3.0,,,design,positive,looks good on the desktop
207,neutral,3.0,,,sound_audio,neutral,sound is decent
207,neutral,3.0,,,connectivity,negative,unacceptable feedback
208,positive,5.0,,,performance,positive,the speed and display makes this the best laptop to date
208,positive,5.0,,,screen_display,positive,the speed and display makes this the best laptop to date
208,positive,5.0,,,price_value,positive,glad the price is reasonable for what you get
209,neutral,3.0,ESR,Computers,design,positive,works great on surface pro
209,neutral,3.0,ESR,Computers,build_quality,negative,caused keyboard and pen failure
209,neutral,3.0,ESR,Computers,performance,positive,performs as well as pictures
210,positive,5.0,Altura Photo,Camera & Photo,camera,positive,great filters
210,positive,5.0,Altura Photo,Camera & Photo,price_value,positive,great price
211,negative,1.0,,,performance,positive,this product worked well at first
211,negative,1.0,,,performance,negative,after about a month of use it is no longer stable
212,neutral,3.0,Amazon,Amazon Devices,price_value,negative,pricey
212,neutral,3.0,Amazon,Amazon Devices,performance,positive,works well
213,negative,2.0,,,design,positive,this product has great length
213,negative,2.0,,,screen_display,negative,the picture sent from windows pc to tv appeared distorted and washed out
213,negative,2.0,,,performance,negative,did not work out of the box
214,positive,5.0,Sony,All Electronics,design,positive,this one is much smaller
214,positive,5.0,Sony,All Electronics,performance,positive,works just as well or better
214,positive,5.0,Sony,All Electronics,connectivity,positive,easily connects to the house wi fi
215,positive,4.0,,,delivery,negative,does not come with cables
215,positive,4.0,,,performance,positive,product works perfectly and was a snap to set up
216,negative,1.0,Tek Republic,Computers,connectivity,negative,neither computer would detect any peripherals attached to the switch
217,positive,5.0,,,performance,positive,they always work
218,negative,1.0,IVEA electronic,Computers,build_quality,negative,not only did it not fit
218,negative,1.0,IVEA electronic,Computers,design,negative,some letters had its color faded scratched off
219,positive,5.0,Canon,Camera & Photo,camera,positive,great results smooth focus
219,positive,5.0,Canon,Camera & Photo,design,positive,easy to use
220,negative,1.0,eForCity,Computers,performance,negative,did not work
223,neutral,3.0,Plantronics,Cell Phones & Accessories,sound_audio,positive,great solid clear sound
223,neutral,3.0,Plantronics,Cell Phones & Accessories,sound_audio,negative,sound quality is very poor scratchy
223,neutral,3.0,Plantronics,Cell Phones & Accessories,connectivity,negative,desktop i have a dell xps8700 pairing can be problematic
224,positive,5.0,,,build_quality,positive,well made
224,positive,5.0,,,design,positive,securely holds
225,positive,4.0,D-Link,All Electronics,performance,positive,good solid performer
225,positive,4.0,D-Link,All Electronics,software_app,neutral,update to the latest firmware version
225,positive,4.0,D-Link,All Electronics,connectivity,positive,it can do n very well
225,positive,4.0,D-Link,All Electronics,delivery,negative,lack of urgency in shipping
226,positive,5.0,SAMSUNG,Cell Phones & Accessories,price_value,positive,it's very useful
226,positive,5.0,SAMSUNG,Cell Phones & Accessories,battery_life,negative,consumes a lot of battery
226,positive,5.0,SAMSUNG,Cell Phones & Accessories,design,positive,design is very convenient
227,positive,4.0,Pacsafe,,build_quality,positive,fits a full size dslr well
227,positive,4.0,Pacsafe,,build_quality,positive,quite comfortable too
227,positive,4.0,Pacsafe,,design,negative,doesn't look like it holds camera equipment
227,positive,4.0,Pacsafe,,design,negative,lighter color
229,negative,1.0,JJC,Camera & Photo,build_quality,negative,plastic hood with some glue
229,negative,1.0,JJC,Camera & Photo,customer_service,negative,don't waste your your time and money
230,negative,1.0,,,performance,negative,it kept freezing up it would not download
231,positive,4.0,,,delivery,positive,set up was easy
231,positive,4.0,,,sound_audio,positive,device actually speaks to you
231,positive,4.0,,,design,positive,there's a caribiner so you can attach it
231,positive,4.0,,,sound_audio,negative,sound gets somewhat muffled in the shower
231,positive,4.0,,,build_quality,negative,maybe more water resistant than proof
232,neutral,3.0,Mount-It!,Office Products,design,negative,the monitor will only tilt down it will not tilt up
232,neutral,3.0,Mount-It!,Office Products,build_quality,negative,it would not close down tight enough
233,negative,1.0,REOLINK,Camera & Photo,camera,negative,low frame rates at night
234,negative,2.0,Fosmon,Home Audio & Theater,connectivity,positive,works beautifully with my fire stick and ps3 the auto switching is working nicely
234,negative,2.0,Fosmon,Home Audio & Theater,build_quality,neutral,can't speak to its long term quality and reliability but as long as it gives me two good years
234,negative,2.0,Fosmon,Home Audio & Theater,performance,negative,spent the last 6 months bending behind my tv switching out the cables every time
234,negative,2.0,Fosmon,Home Audio & Theater,connectivity,negative,this switch does not work with the ps4
235,negative,1.0,Sony,Home Audio & Theater,battery_life,negative,goes through a aa battery about every 8 hours
235,negative,1.0,Sony,Home Audio & Theater,sound_audio,negative,the sound isn't that much better
235,negative,1.0,Sony,Home Audio & Theater,sound_audio,negative,sends no sound through when off
237,negative,1.0,JOTO,Sports & Outdoors,build_quality,negative,couldn't get the bubbles out
237,negative,1.0,JOTO,Sports & Outdoors,price_value,negative,falsely advertised
238,negative,1.0,,,build_quality,negative,doesn't fit my t61
238,negative,1.0,,,price_value,negative,cheaper about 12 one
239,negative,2.0,Blacell,All Electronics,design,negative,does not fit newer quietcomfort models
240,neutral,3.0,DIRECTV,Home Audio & Theater,performance,negative,DirectV older style remotes work better
240,neutral,3.0,DIRECTV,Home Audio & Theater,design,neutral,same as DirectV remote that ships with Genie
241,negative,2.0,Gateway,Computers,price_value,positive,price was good
241,negative,2.0,Gateway,Computers,software_app,negative,there are lots of bugs
242,neutral,3.0,,,software_app,negative,the last 2 cameras came with a different version of the web ui than the previous 5
242,neutral,3.0,,,camera,negative,this function has been removed from the webui for this camer
61,neutral,3.0,MadFortune,Computers,connectivity,negative,did not work in one of my asus motherboards
70,positive,5.0,,,sound_audio,positive,absolutely everything i could have asked for
70,positive,5.0,,,connectivity,positive,reception was great
70,positive,5.0,,,price_value,negative,hesitated getting the bluetooth version
97,positive,5.0,JLab,Computers,sound_audio,positive,it sounds very good and loud
97,positive,5.0,JLab,Computers,sound_audio,neutral,it sounds ok at volumes of 70 to 100
101,neutral,3.0,TEKTON,Tools & Home Improvement,build_quality,negative,they do break off or get bitten off
104,positive,5.0,,,connectivity,positive,easy to connect speaker wires
149,neutral,3.0,,,camera,negative,i wanted a good product so i would not ruined the camera
149,neutral,3.0,,,customer_service,negative,just maybe but maybe instructions for some of these tools could
178,positive,5.0,,,build_quality,negative,the weight sometimes when i go in the field
180,positive,5.0,Gigabyte,Computers,price_value,positive,just awesome for the price
180,positive,5.0,Gigabyte,Computers,performance,positive,very satisfied with this
183,positive,5.0,VELCRO Brand,Industrial & Scientific,build_quality,positive,very nice quality
183,positive,5.0,VELCRO Brand,Industrial & Scientific,performance,positive,they don't pick up lint and dust quickly
200,neutral,3.0,AVX Audio,All Electronics,price_value,positive,good product
200,neutral,3.0,AVX Audio,All Electronics,customer_service,negative,not so easy
204,negative,2.0,,,performance,negative,does not have a restart feature
221,neutral,3.0,Intel,Computers,performance,negative,running ie the cpu useage jumps to 100 where the old one ran around 40
228,negative,1.0,,,connectivity,negative,placement of inputs not standard won't work hotswap bay
243,positive,5.0,,,delivery,positive,shipping didn't take as long as it said but it still took a while but it was worth the wait
243,positive,5.0,,,build_quality,negative,the case off the bat isn't easy to squeeze and it fit the ipod perfectly it does shake or move within the case
244,neutral,3.0,,,build_quality,negative,cheaply it's made
244,neutral,3.0,,,connectivity,positive,easy to pair with the phone
244,neutral,3.0,,,performance,positive,easy to use
244,neutral,3.0,,,sound_audio,negative,there is a lot of static
245,neutral,3.0,ASUS,All Electronics,software_app,negative,the new driver kept freezing up
245,neutral,3.0,ASUS,All Electronics,performance,negative,the new driver kept freezing up
246,negative,2.0,,,camera,negative,too noisy
246,negative,2.0,,,software_app,negative,poor menu system
246,negative,2.0,,,performance,negative,not good for sports
247,negative,1.0,Onkyo,Home Audio & Theater,connectivity,positive,direct connection to every speaker
248,negative,1.0,,,connectivity,negative,this does not charge the apple pencil at all
249,neutral,3.0,,,design,negative,partitions are not all that customizable
249,neutral,3.0,,,design,negative,there is no way to get it in there snuggly
250,negative,1.0,,,build_quality,negative,the whole section ripped out from the binding
250,negative,1.0,,,build_quality,negative,the section with the sleeves was very poorly anchored
251,positive,5.0,,,screen_display,positive,good picture reproduction
251,positive,5.0,,,price_value,positive,great price
251,positive,5.0,,,delivery,positive,delivery was early
251,positive,5.0,,,build_quality,positive,packaging fine
251,positive,5.0,,,build_quality,positive,quality good
251,positive,5.0,,,price_value,positive,price is a fraction of other
252,negative,2.0,Holly LifePro,Tools & Home Improvement,design,positive,the idea of this little case is little case is great
253,neutral,3.0,Tablift,All Electronics,design,negative,slots are too narrow
253,neutral,3.0,Tablift,All Electronics,design,negative,semi permanent inserts
253,neutral,3.0,Tablift,All Electronics,build_quality,negative,repeatedly remove and replace
254,negative,1.0,Pyle,Home Audio & Theater,sound_audio,negative,sound was barely better than the built in speakers
255,neutral,3.0,,,delivery,negative,when the cables arrive
255,neutral,3.0,,,build_quality,negative,the way they wrapped them up
256,positive,5.0,,,price_value,positive,i did it with 18.00 thank you so much
256,positive,5.0,,,design,positive,adapter works for big hard drives and small ones too
257,neutral,3.0,ESOLOM,Home Audio & Theater,sound_audio,negative,they do leak a ton of noise
257,neutral,3.0,ESOLOM,Home Audio & Theater,design,neutral,the cord is quite long and very thick
257,neutral,3.0,ESOLOM,Home Audio & Theater,build_quality,negative,they make your ears and the top of your head ache
258,neutral,3.0,,,build_quality,negative,one plastic snapped while installing
259,negative,2.0,,,connectivity,negative,it has become a nightmare
259,negative,2.0,,,connectivity,negative,bluetooth freezes
260,negative,1.0,,,build_quality,negative,the thing is huge and heavy 38 lbs
261,positive,5.0,Naxa Electronics,Cell Phones & Accessories,performance,positive,unit works good
261,positive,5.0,Naxa Electronics,Cell Phones & Accessories,design,positive,looks good
261,positive,5.0,Naxa Electronics,Cell Phones & Accessories,sound_audio,positive,sounds good
261,positive,5.0,Naxa Electronics,Cell Phones & Accessories,price_value,positive,great price
262,neutral,3.0,YAMAHA,Home Audio & Theater,price_value,negative,price was steep
262,neutral,3.0,YAMAHA,Home Audio & Theater,price_value,positive,bought it used saved a hundred bucks
262,neutral,3.0,YAMAHA,Home Audio & Theater,performance,negative,machine seemed to be working very hard to eject the cds
262,neutral,3.0,YAMAHA,Home Audio & Theater,connectivity,neutral,occasional hiccup
263,neutral,3.0,Anker,Computers,build_quality,positive,well constructed
263,neutral,3.0,Anker,Computers,build_quality,negative,lightning plug broke off
264,negative,2.0,Linksys,Computers,price_value,positive,for 20 more
264,negative,2.0,Linksys,Computers,design,positive,elegant but large very simple design
265,negative,2.0,Garmin,Home Audio & Theater,performance,negative,it would take forever to find a satellite
267,positive,5.0,,,battery_life,positive,batteries are long lasting
267,positive,5.0,,,battery_life,positive,charges at a very fast rate
268,negative,1.0,,,sound_audio,negative,bad sound sync
268,negative,1.0,,,connectivity,negative,difficult to pair dropped connections
268,negative,1.0,,,performance,negative,didn't work after a few hours
268,negative,1.0,,,connectivity,positive,pair two bluetooth headsets
268,negative,1.0,,,sound_audio,positive,worked beautifully
269,neutral,3.0,,,screen_display,negative,eliminates touchscreen capability on touchscreen monitors
270,positive,5.0,SmartGuard,Computers,sound_audio,negative,no sound but after watching some you tube videos
270,positive,5.0,SmartGuard,Computers,performance,negative,pistons and valves seemed to not work right
270,positive,5.0,SmartGuard,Computers,price_value,positive,it is worth the investment to have insurance
271,positive,5.0,,,performance,positive,works great
271,positive,5.0,,,delivery,positive,immediately out of the box
271,positive,5.0,,,performance,positive,just started working without fuss
272,positive,5.0,Syba,All Electronics,connectivity,neutral,i only bought it because my case had a port
273,negative,1.0,miccus,All Electronics,software_app,negative,hard to program
273,negative,1.0,miccus,All Electronics,connectivity,negative,did not work with bluetooth speakers
274,neutral,3.0,Excelvan,All Electronics,screen_display,neutral,the screen works ok
274,neutral,3.0,Excelvan,All Electronics,design,negative,you need to find something to attach to
275,negative,2.0,Uniden,Car Electronics,build_quality,negative,feels cheap
275,negative,2.0,Uniden,Car Electronics,design,negative,looks cheap
275,negative,2.0,Uniden,Car Electronics,price_value,negative,it is cheap
275,negative,2.0,Uniden,Car Electronics,sound_audio,negative,mic quit working
276,negative,1.0,,,connectivity,negative,the connection would not fit
276,negative,1.0,,,customer_service,negative,dell is being the subject of a take over
277,negative,1.0,BUFFALO,Computers,connectivity,negative,cannot connect via wpa wifi
279,negative,1.0,,,screen_display,negative,the led is so low light
279,negative,1.0,,,screen_display,negative,the clock itself is so hopelessly mired
279,negative,1.0,,,screen_display,negative,unnecessary features that you will need
279,negative,1.0,,,design,negative,sorry i could not find anything
280,negative,2.0,,,screen_display,negative,Picture quality is subpar
281,negative,2.0,,,connectivity,negative,losing connection constantly repeating keystrokes
282,negative,2.0,Canon,Camera & Photo,price_value,negative,don't waste your money
282,negative,2.0,Canon,Camera & Photo,build_quality,positive,well constructed
282,negative,2.0,Canon,Camera & Photo,design,negative,no room for anything else
283,neutral,3.0,GreatShield,Computers,build_quality,negative,this shield was difficult to put on
283,neutral,3.0,GreatShield,Computers,build_quality,negative,left lots of air bubbles
283,neutral,3.0,GreatShield,Computers,build_quality,negative,indentations for the camera lens
284,positive,4.0,Amazon Basics,Computers,price_value,positive,great item for the price
284,positive,4.0,Amazon Basics,Computers,sound_audio,negative,not the best sound quality
284,positive,4.0,Amazon Basics,Computers,connectivity,negative,being usb powered and having a c power cost extra
284,positive,4.0,Amazon Basics,Computers,performance,positive,quickly and easily gets the job done
285,neutral,3.0,Kensington,Computers,performance,positive,seems to be doing the job
286,positive,5.0,,,customer_service,positive,they serve me perfectly
287,negative,1.0,kenable,All Electronics,build_quality,positive,center wire connection is tight to get on
287,negative,1.0,kenable,All Electronics,performance,negative,did not give any signal
288,positive,5.0,,,price_value,negative,almost identical items for twice the price
288,positive,5.0,,,build_quality,positive,lightweight and i can slip it easily into my purse
290,neutral,3.0,Mediabridge,All Electronics,build_quality,positive,well made
291,negative,1.0,,,design,negative,knock off
291,negative,1.0,,,price_value,negative,didn't format to anything near the advertised capacity
292,positive,5.0,EZOPower,Camera & Photo,battery_life,positive,watch the progress of the charge through the led progress
293,negative,2.0,,,battery_life,negative,would not charge to 100 it only charged to 50
293,negative,2.0,,,delivery,negative,when i went to charge my kindle it would turn itself off
294,neutral,3.0,TP-Link,Computers,performance,negative,started hanging and rejecting devices needing resets
294,neutral,3.0,TP-Link,Computers,delivery,negative,routers timed to fail in a year
295,neutral,3.0,Samsung,Computers,connectivity,negative,won't charge my droid turbo
296,neutral,3.0,Lorex,Camera & Photo,design,positive,user friendly security camera setup is relatively easy
296,neutral,3.0,Lorex,Camera & Photo,connectivity,negative,being able to power the camera in a remote location
296,neutral,3.0,Lorex,Camera & Photo,performance,positive,a more smooth 320x240 30 fps mode
296,neutral,3.0,Lorex,Camera & Photo,camera,positive,night viewing capability is excellent
297,negative,1.0,Handhelditems,Computers,price_value,negative,because of the pricing of it
297,negative,1.0,Handhelditems,Computers,delivery,negative,i paid 5 99 2 85 for shipping
297,negative,1.0,Handhelditems,Computers,design,negative,you only get one shield in this pack
298,negative,2.0,,,build_quality,positive,fits the phone fine
298,negative,2.0,,,customer_service,negative,disappointed because it was recommended
299,neutral,3.0,,,performance,negative,14gb when i bought a 16gb
300,positive,4.0,Sony,Home Audio & Theater,build_quality,positive,solid heavy construction
300,positive,4.0,Sony,Home Audio & Theater,screen_display,positive,very readable display
300,positive,4.0,Sony,Home Audio & Theater,design,positive,simple clean front panel
300,positive,4.0,Sony,Home Audio & Theater,sound_audio,positive,automated speaker calibration with supplied microphone
300,positive,4.0,Sony,Home Audio & Theater,connectivity,positive,switches between 4 hdmi inputs
300,positive,4.0,Sony,Home Audio & Theater,software_app,positive,on screen gui interface
300,positive,4.0,Sony,Home Audio & Theater,delivery,negative,instruction manual is very poorly organized
301,neutral,3.0,NETGEAR,All Electronics,software_app,negative,even the latest version rarely if ever works
302,negative,2.0,,,connectivity,negative,would only receive one station
303,negative,2.0,,,price_value,negative,hard drive capacity gives you 3.68tb and not 4tb as advertised
303,negative,2.0,,,customer_service,negative,i am returning it unless the seller is ready to refund part of what i paid for it
304,positive,5.0,,,build_quality,positive,1 fits on my mobo
304,positive,5.0,,,connectivity,positive,2 plenty of ports
304,positive,5.0,,,performance,positive,3 up to 150ohm of power good for a lot of headphones
304,positive,5.0,,,price_value,positive,5 inexpensive for what it does
304,positive,5.0,,,performance,negative,1 wish it provided more pow
305,positive,5.0,Garmin,Home Audio & Theater,design,positive,portable gamin gps navigator
305,positive,5.0,Garmin,Home Audio & Theater,performance,positive,help me find my way
306,negative,1.0,,,software_app,negative,chinese little doc program in chinese too never use it
306,negative,1.0,,,delivery,negative,they send me to get about the same
306,negative,1.0,,,performance,negative,i don't think the product works at all
306,negative,1.0,,,connectivity,negative,i think it even gave me a couple of chinese hot spots places
307,negative,1.0,,,sound_audio,negative,the sound is very tinny and thin
307,negative,1.0,,,build_quality,negative,the left earbud stopped working
307,negative,1.0,,,design,positive,they look nice
308,neutral,3.0,KZ,All Electronics,sound_audio,positive,we love the sound quality
308,neutral,3.0,KZ,All Electronics,build_quality,negative,one of the earbuds stops working after a few weeks
308,neutral,3.0,KZ,All Electronics,price_value,negative,this is getting to expensive
310,positive,5.0,Wasabi Power,Camera & Photo,price_value,positive,half the price of the original
310,positive,5.0,Wasabi Power,Camera & Photo,build_quality,positive,a car adapter that can charge
310,positive,5.0,Wasabi Power,Camera & Photo,battery_life,positive,50 more power than the original
311,negative,2.0,Olympus,Camera & Photo,design,negative,the strap is too big
312,positive,4.0,,,sound_audio,positive,great sound
312,positive,4.0,,,build_quality,positive,well made thick
312,positive,4.0,,,design,negative,lacks attached caps for the ends
313,neutral,3.0,,,sound_audio,positive,speaker bass is decent
313,neutral,3.0,,,design,positive,the look is nice
314,negative,1.0,,,build_quality,negative,they press sufficiently hard against the ear
315,neutral,3.0,,,sound_audio,positive,set sound quality is good
316,neutral,3.0,,,connectivity,negative,signal stutters
316,neutral,3.0,,,software_app,negative,esoteric software and compatibility issues
316,neutral,3.0,,,performance,negative,cannot recommend for anyone who needs a very reliable
317,neutral,3.0,RCA,Home Audio & Theater,connectivity,negative,to get all the channels i had to hang this antenna outside
318,positive,4.0,,,sound_audio,positive,clear kleer sound
318,positive,4.0,,,battery_life,positive,worked great for a week
318,positive,4.0,,,performance,negative,transmitter light did not go on
320,neutral,3.0,,,sound_audio,positive,nearly silent it's nearly inaudible
320,neutral,3.0,,,build_quality,positive,beautifully made with foam pad
320,neutral,3.0,,,design,positive,large easy to work with
321,negative,1.0,EnGenius,,connectivity,negative,these units can't handle very many connections
321,negative,1.0,EnGenius,,performance,negative,we constant have to reboot them
322,neutral,3.0,,,price_value,positive,not a bad articulating arm for the money
322,neutral,3.0,,,build_quality,negative,clamp is poorly made
323,neutral,3.0,,,screen_display,negative,pinky drags on the surface
323,neutral,3.0,,,price_value,neutral,for the price it is ok
324,neutral,3.0,,,screen_display,positive,lights up well
324,neutral,3.0,,,screen_display,positive,adjusts very well for the amount of light
324,neutral,3.0,,,build_quality,negative,not built very strong
324,neutral,3.0,,,build_quality,negative,just be careful of how you handle it
324,neutral,3.0,,,price_value,positive,it is worth the money
325,negative,2.0,,,connectivity,negative,computer saw the usb 3 0 interface but will not recognize the drive
325,negative,2.0,,,build_quality,negative,after a closer exam i noticed that pins from the crystal oscil
326,positive,5.0,Apple,Home Audio & Theater,customer_service,negative,apple suppport is horrible or worse
327,negative,1.0,,,build_quality,negative,could not get the micro sd card out
328,positive,5.0,,,sound_audio,positive,these worked out great i bought 2 of them to run audio from my stereo in the living room to my garage and bedroom
329,positive,5.0,Logitech,Computers,battery_life,positive,battery life is pretty good
329,positive,5.0,Logitech,Computers,design,positive,the laser turns off
329,positive,5.0,Logitech,Computers,design,negative,a bit small
329,positive,5.0,Logitech,Computers,build_quality,positive,light weight
330,negative,1.0,,,software_app,negative,turning it on was not a simple press and release
330,negative,1.0,,,build_quality,negative,manual power button but finally even that gave out
331,neutral,3.0,,,build_quality,positive,build quality is top notch
331,neutral,3.0,,,sound_audio,negative,sound quality it's like listening
332,negative,2.0,SABRE,Tools & Home Improvement,build_quality,negative,you have to remove the screw to change it
332,negative,2.0,SABRE,Tools & Home Improvement,sound_audio,negative,chime sound is very high pitched
332,negative,2.0,SABRE,Tools & Home Improvement,performance,negative,there are better alarms out there
333,neutral,3.0,HUION,Computers,price_value,positive,great for the money
333,neutral,3.0,HUION,Computers,price_value,positive,light and transports well
333,neutral,3.0,HUION,Computers,screen_display,negative,touch single click only works randomly
333,neutral,3.0,HUION,Computers,screen_display,negative,don't rely on this is your primary tablet you will get frustrated
334,neutral,3.0,Bang & Olufsen,Home Audio & Theater,connectivity,negative,bluetooth functionality is awful
335,negative,1.0,Hawking Technology,Computers,connectivity,negative,router resets itself every 5 minutes
335,negative,1.0,Hawking Technology,Computers,customer_service,negative,phone support was useless
336,positive,5.0,,,battery_life,positive,needs tobe at least three hours
336,positive,5.0,,,price_value,positive,it can't be beat
336,positive,5.0,,,performance,positive,performed flawlessly
337,positive,5.0,TOPSKY,Computers,design,positive,looks rugged manly
337,positive,5.0,TOPSKY,Computers,build_quality,positive,protects his iPad
338,neutral,3.0,,,camera,negative,does not include any of the functions
338,neutral,3.0,,,connectivity,negative,no driver supports for macbook air
338,neutral,3.0,,,software_app,negative,you only have control of the focus
338,neutral,3.0,,,build_quality,negative,button on the device for taking
339,neutral,3.0,ExpertPower,Cell Phones & Accessories,build_quality,negative,the coiled cord was a bit short
339,neutral,3.0,ExpertPower,Cell Phones & Accessories,build_quality,negative,it developed a short in the wire
339,neutral,3.0,ExpertPower,Cell Phones & Accessories,build_quality,positive,stated execption
340,positive,4.0,,,camera,positive,image quality was decent
340,positive,4.0,,,customer_service,positive,easy to set up
341,neutral,3.0,Olympus,Home Audio & Theater,design,positive,it's not awkward
341,neutral,3.0,Olympus,Home Audio & Theater,build_quality,positive,receiver pivots forward and back
341,neutral,3.0,Olympus,Home Audio & Theater,connectivity,neutral,IR short range line of sight transmitter
342,negative,1.0,Amazon Basics,Cell Phones & Accessories,build_quality,negative,metal piece that inserts into the device is very fragile
342,negative,1.0,Amazon Basics,Cell Phones & Accessories,build_quality,negative,product is very cheaply made
343,negative,1.0,,,connectivity,negative,failed in june 2018
344,negative,1.0,,,performance,negative,this did not work for us
344,negative,1.0,,,customer_service,negative,had to contact amazon for a refund
345,neutral,3.0,,,design,negative,a bit to small for the computer
346,positive,5.0,,,camera,positive,brings my photography to another level
347,neutral,3.0,WoneNice,Computers,design,negative,ssd didn't fit well inside the unit
348,positive,5.0,Belkin,All Electronics,design,negative,very short cord the phone came with
348,positive,5.0,Belkin,All Electronics,delivery,positive,it changed out real easy
349,negative,1.0,,,software_app,negative,drive not recognized by Windows XP
349,negative,1.0,,,performance,negative,enclosure not working properly
350,positive,4.0,Computer Memory Solutions,Computers,performance,negative,not a dramatic improvement in performance
350,positive,4.0,Computer Memory Solutions,Computers,design,neutral,pivot lift out
351,neutral,3.0,,,price_value,positive,good price 10 inch tablet under 80 bucks
351,neutral,3.0,,,design,positive,10 inch tablet under 80 bucks large screen is great
351,neutral,3.0,,,battery_life,negative,tablet died i had only used it once or twice
351,neutral,3.0,,,customer_service,negative,3 attempts at getting neutab to rma have not gotten me anywhere
352,positive,4.0,,,price_value,positive,great deal for the price
352,positive,4.0,,,build_quality,negative,buttons on panel can be stiff and troublesome
353,negative,1.0,Seagate,All Electronics,software_app,negative,this drive is not compatible with arcserve d2d backup software
353,negative,1.0,Seagate,All Electronics,customer_service,negative,their tech support confirmed this
354,neutral,3.0,,,build_quality,positive,nice and sturdy
354,neutral,3.0,,,build_quality,negative,hinge on the back looks very flimsy
354,neutral,3.0,,,performance,positive,does a good job holding
354,neutral,3.0,,,build_quality,negative,won't hold it open enough
354,neutral,3.0,,,design,positive,conversion chart is nice
355,neutral,3.0,,,screen_display,negative,it marks that on the box why list it as a 20 screen
356,neutral,3.0,Drive Logic,Computers,build_quality,positive,quality carry
356,neutral,3.0,Drive Logic,Computers,price_value,negative,a waste
357,neutral,3.0,,,sound_audio,negative,has about half the noise canceling effectiveness
357,neutral,3.0,,,performance,negative,declining quality control
358,neutral,3.0,RCA,All Electronics,delivery,negative,it took a couple of days
358,neutral,3.0,RCA,All Electronics,customer_service,neutral,i had to call directv to activate it
358,neutral,3.0,RCA,All Electronics,connectivity,positive,hooked up to a mythtv dvr through a tv tuner card
359,positive,5.0,Loopilops,Cell Phones & Accessories,delivery,positive,they came promptly
359,positive,5.0,Loopilops,Cell Phones & Accessories,customer_service,positive,exactly what i needed
360,neutral,3.0,Fotasy,Camera & Photo,performance,negative,tough to get really tight
361,neutral,3.0,,,sound_audio,positive,sound fine
361,neutral,3.0,,,performance,positive,do as they should
362,negative,1.0,,,build_quality,negative,the notebook mac book pro keeps slipping off
362,negative,1.0,,,performance,negative,fan is loud and therefore not a feature
363,negative,1.0,HDE,Computers,delivery,negative,product was dead on arrival
363,negative,1.0,HDE,Computers,build_quality,negative,build quality is abysmal
364,negative,2.0,,,price_value,positive,very cheap tools
364,negative,2.0,,,build_quality,negative,the ball on the black screwdriver handle quickly broke off
364,negative,2.0,,,design,negative,accessing bits is cumbersome
365,neutral,3.0,,,battery_life,negative,seems like the original battery lasts longer both in use and in storage
367,neutral,3.0,,,delivery,negative,it was hard to get it setup for a4 paper
367,neutral,3.0,,,delivery,neutral,this copier printer is most likely fine and has been working ok
368,positive,5.0,Logisys,Computers,performance,positive,it works great
368,positive,5.0,Logisys,Computers,build_quality,positive,the case is completely clear
368,positive,5.0,Logisys,Computers,design,positive,the fans have blue leds
369,negative,1.0,,,sound_audio,positive,sound is decent for the price
369,negative,1.0,,,build_quality,negative,durability is lacking
370,positive,5.0,,,performance,positive,installs in seconds and bam better wireless coverage
371,negative,1.0,,,customer_service,negative,their customer service never answers any emails
372,negative,2.0,,,battery_life,negative,these just don't last
372,negative,2.0,,,build_quality,negative,always short out in one of the earbuds
372,negative,2.0,,,sound_audio,positive,sound quality is amazing
374,negative,2.0,eForCity,Cell Phones & Accessories,build_quality,negative,the first headset i used did not last a month
375,neutral,3.0,Wasabi Power,Camera & Photo,performance,neutral,"charger different, charges two batteries"
375,neutral,3.0,Wasabi Power,Camera & Photo,design,neutral,designed to accommodate this kind of battery
377,negative,1.0,,,performance,negative,stopped working after a little over a month
377,negative,1.0,,,customer_service,negative,customer services not good
380,negative,1.0,,,performance,negative,performance was well below cm 4228
381,negative,2.0,Belkin,Home Audio & Theater,design,negative,the way it is designed is limiting in its nature
381,negative,2.0,Belkin,Home Audio & Theater,connectivity,negative,it can only be used on a timer
382,negative,2.0,Logitech,All Electronics,sound_audio,negative,music not sound good
383,neutral,3.0,Audio-Technica,All Electronics,design,positive,small head you will be happy
383,neutral,3.0,Audio-Technica,All Electronics,design,negative,tmj you will not be happy
383,neutral,3.0,Audio-Technica,All Electronics,sound_audio,positive,lots of bass good sounding
384,neutral,3.0,Evecase,Computers,build_quality,negative,still breaking in the case
384,neutral,3.0,Evecase,Computers,camera,positive,camera shows without taking the tablet out
385,positive,4.0,Belkin,Computers,screen_display,positive,color on the edges seem to glow
385,positive,4.0,Belkin,Computers,screen_display,negative,apple on the laptop cover does show through
385,positive,4.0,Belkin,Computers,build_quality,positive,protective shield to prevent scratches
386,negative,1.0,Toshiba,All Electronics,connectivity,negative,does not have a qam tuner
387,negative,1.0,Incipio,Computers,build_quality,positive,the keyboard itself is wonderful
387,negative,1.0,Incipio,Computers,build_quality,positive,perfect tension
387,negative,1.0,Incipio,Computers,build_quality,negative,the holes are too small
387,negative,1.0,Incipio,Computers,build_quality,negative,include a single headphone adapter
388,positive,5.0,,,delivery,positive,ordered these skullcandy headphones tuesday and got them today
388,positive,5.0,,,sound_audio,positive,it has awesome sound
388,positive,5.0,,,design,positive,i love how it has a music button on the left headphone
389,negative,1.0,Philips,Home Audio & Theater,design,negative,they are not custom adjustable for head size
389,negative,1.0,Philips,Home Audio & Theater,build_quality,negative,if you try to widen them they contort and twist
389,negative,1.0,Philips,Home Audio & Theater,build_quality,negative,the result is the earbuds end up facing down or up instead of staying level
390,neutral,3.0,,,build_quality,positive,cases of good quality
390,neutral,3.0,,,screen_display,negative,screen protector to buckle
391,neutral,3.0,,,connectivity,negative,would not install on desktop running win7
391,neutral,3.0,,,design,positive,nice compact unit
392,negative,1.0,,,build_quality,positive,high quality headphones
392,negative,1.0,,,performance,positive,amazing very h
393,neutral,3.0,ProCare,All Electronics,price_value,neutral,about a 50 50 on the value
393,neutral,3.0,ProCare,All Electronics,design,negative,storage tray built in doesn't hold everything correctly
394,negative,1.0,,,design,negative,did not fit my hp notebook
395,neutral,3.0,SainSonic,All Electronics,build_quality,positive,the glass work fine
395,neutral,3.0,SainSonic,All Electronics,price_value,negative,they are cheap
395,neutral,3.0,SainSonic,All Electronics,design,negative,the nose piece gets pretty uncomfortable
395,neutral,3.0,SainSonic,All Electronics,battery_life,negative,one would charge and the other wouldn't
396,positive,5.0,BenQ,Computers,delivery,positive,arrived on time
396,positive,5.0,BenQ,Computers,screen_display,positive,screen resolution is amazing
396,positive,5.0,BenQ,Computers,performance,positive,it works great
396,positive,5.0,BenQ,Computers,price_value,positive,would definitely buy this again
397,negative,2.0,J-Tech Digital,Home Audio & Theater,build_quality,negative,as it always hot
397,negative,2.0,J-Tech Digital,Home Audio & Theater,connectivity,negative,switch between the inputs as you turn them on
397,negative,2.0,J-Tech Digital,Home Audio & Theater,performance,negative,mine just died and stopped to pass the signal
397,negative,2.0,J-Tech Digital,Home Audio & Theater,design,negative,good idea when it works bad implementation
398,negative,1.0,D-Link,Computers,connectivity,negative,wireless worked on and off then stopped working altogether
399,neutral,3.0,,,battery_life,negative,didn't hold a charge well
400,neutral,3.0,Supersonic,Home Audio & Theater,performance,positive,this unit was not bad it did exactly as advertized
401,positive,5.0,ESR,Computers,build_quality,positive,the case is high quality
401,positive,5.0,ESR,Computers,design,positive,color is great
402,negative,1.0,iMBAPrice,Computers,performance,negative,spotty connection after a few weeks
402,negative,1.0,iMBAPrice,Computers,build_quality,negative,not reliable and durable
403,negative,2.0,,,design,negative,clients commented on how much i looked
403,negative,2.0,,,connectivity,negative,Bluetooth connection is really rough
404,positive,4.0,,,design,positive,lighted love that i can sit in a dark room and effectively use
404,positive,4.0,,,connectivity,positive,use it with galaxy tab 4 10 1
404,positive,4.0,,,connectivity,positive,paring was easy no issues
405,neutral,3.0,Sony,Home Audio & Theater,design,positive,smaller design that does not
405,neutral,3.0,Sony,Home Audio & Theater,build_quality,positive,smaller case which is more
405,neutral,3.0,Sony,Home Audio & Theater,price_value,positive,cheaper sennheiser pxc 300
406,positive,4.0,,,performance,positive,similar performance to the much more expensive
406,positive,4.0,,,sound_audio,positive,don't make those typical annoying clicking noises
407,positive,4.0,Sony,Cell Phones & Accessories,design,positive,this product is a great answer to he tangled wire mess
407,positive,4.0,Sony,Cell Phones & Accessories,design,neutral,the only thing that would be nice is for a strap to be added
408,positive,5.0,,,design,positive,nice interface
408,positive,5.0,,,software_app,positive,applet driver that microsoft develop for it
408,positive,5.0,,,camera,positive,video is similar to logitech c720p it is easy to use
408,positive,5.0,,,performance,positive,easy to use
408,positive,5.0,,,delivery,negative,doesn't come in the box
409,negative,1.0,,,software_app,neutral,this tv has roku built in
409,negative,1.0,,,connectivity,negative,there is no rj45 plug for ethernet
409,negative,1.0,,,connectivity,neutral,you have to use wifi
409,negative,1.0,,,price_value,negative,i would never have purchased it
410,negative,2.0,Trisonic,All Electronics,performance,positive,high performance device
410,negative,2.0,Trisonic,All Electronics,price_value,negative,don't waste your money
411,positive,4.0,Panasonic,Office Products,sound_audio,positive,clean audio on speaker and mic
411,positive,4.0,Panasonic,Office Products,price_value,neutral,you can afford a spare
412,neutral,3.0,,,price_value,positive,got my 's worth
412,neutral,3.0,,,performance,positive,still working fine
413,positive,5.0,Canon,Camera & Photo,build_quality,negative,people complain about the build quality
413,positive,5.0,Canon,Camera & Photo,camera,positive,pictures came out pretty good
414,neutral,3.0,Anker,Computers,connectivity,negative,network works slow usually
415,neutral,3.0,Belkin,Amazon Devices,screen_display,negative,looks like it should be back lit but it's not
415,neutral,3.0,Belkin,Amazon Devices,design,negative,needs a mouse
416,positive,5.0,,,design,positive,considering you have to remove the cap to charge the pencil
417,negative,1.0,Numark,All Electronics,build_quality,negative,cheap plastic parts
417,negative,1.0,Numark,All Electronics,performance,negative,unsuitable for even light usage
418,neutral,3.0,PHILIPS,Home Audio & Theater,build_quality,negative,the cord didn't make so much noise
418,neutral,3.0,PHILIPS,Home Audio & Theater,sound_audio,positive,the sound quality is great with pretty good bass
419,negative,2.0,SAMSUNG,Computers,design,positive,perfect size as a writing instrument
419,negative,2.0,SAMSUNG,Computers,performance,negative,doesn't compensate for tilt
420,positive,5.0,JBL,All Electronics,sound_audio,positive,the sound quality is amazing
421,neutral,3.0,,,design,negative,lightweight camera
421,neutral,3.0,,,build_quality,negative,does not feel especially sturdy
421,neutral,3.0,,,performance,positive,has come in handy more than once
423,neutral,3.0,CaseCrown,Computers,build_quality,negative,velcro came off in 2 months
423,neutral,3.0,CaseCrown,Computers,build_quality,negative,stitching came undone very quickly
423,neutral,3.0,CaseCrown,Computers,design,positive,looks very nice
424,neutral,3.0,Jabra,Cell Phones & Accessories,sound_audio,negative,low pitched voices such as mine were difficult to hear
425,negative,1.0,LG,Computers,screen_display,negative,image quality is so bad its embarrassing
425,negative,1.0,LG,Computers,performance,negative,Trumotion 120hz i see it on every other retailer
425,negative,1.0,LG,Computers,build_quality,negative,screen is cheap
426,neutral,3.0,,,connectivity,negative,very directional so will not pick up close stations if not angled towards them
427,positive,5.0,Monster,Home Audio & Theater,connectivity,positive,everything works as expected
428,positive,5.0,Antec,All Electronics,design,positive,easy to setup and use
428,positive,5.0,Antec,All Electronics,design,positive,brushed metal look is nice
428,positive,5.0,Antec,All Electronics,performance,positive,there weren't really any issues
428,positive,5.0,Antec,All Electronics,price_value,positive,a good purchase
429,negative,2.0,Eton,Home Audio & Theater,build_quality,negative,broke after only a few months of use
430,neutral,3.0,,,build_quality,negative,when opening and closing the cover became bowed and doesn't lie flat
430,neutral,3.0,,,price_value,neutral,for the price i guess it serves the purpose
430,neutral,3.0,,,design,positive,if you're looking for beauty this is spot on
430,neutral,3.0,,,design,positive,i love the bright lime green color on the inside
431,positive,5.0,,,build_quality,positive,soak through these headphones 4 times a week and still perform and appear like new
431,positive,5.0,,,sound_audio,positive,great sound no complaints
431,positive,5.0,,,sound_audio,negative,crackling and skipping that occurs more often than not with these headphones
432,positive,4.0,SABRENT,Computers,price_value,positive,60 for the cost of the case
432,positive,4.0,SABRENT,Computers,build_quality,negative,screws on the sides of either cap don't seem to get very tight
433,positive,5.0,Edimax,Computers,performance,positive,works flawlessly with raspberry pi
433,positive,5.0,Edimax,Computers,performance,positive,raspbian both as a client and in access point mode
433,positive,5.0,Edimax,Computers,connectivity,positive,used it with my new tiddlybot
434,neutral,3.0,Case Logic,Home Audio & Theater,build_quality,positive,nice quality case
434,neutral,3.0,Case Logic,Home Audio & Theater,build_quality,negative,flimsy attachment
434,neutral,3.0,Case Logic,Home Audio & Theater,connectivity,negative,difficult to plug the player in
435,neutral,3.0,,,software_app,negative,it took like forever to run
435,neutral,3.0,,,performance,negative,it took like forever to run
436,neutral,3.0,,,build_quality,positive,fit snugly and are reasonably comfortable
436,neutral,3.0,,,build_quality,negative,earpieces get sweaty and cumbersome
436,neutral,3.0,,,sound_audio,positive,reasonably impressed with the bass
437,positive,5.0,Leafbook,,design,positive,turns on off when the front cover is opened or closed
437,positive,5.0,Leafbook,,build_quality,positive,doesn't add much thickness to the overall tablet size
438,positive,4.0,Rosewill,Computers,price_value,positive,nice cheap case
438,positive,4.0,Rosewill,Computers,performance,positive,not bad to work with
438,positive,4.0,Rosewill,Computers,build_quality,negative,the fit between the hdd bays and the ram is pretty close
438,positive,4.0,Rosewill,Computers,design,positive,there are some access holes
438,positive,4.0,Rosewill,Computers,design,negative,front panel was pretty hard to get
439,neutral,3.0,,,delivery,negative,case came crushed edges hold tablet place packaging
439,neutral,3.0,,,design,positive,great design works well holding tablet sturdy
440,negative,1.0,,,battery_life,negative,the battery is not charging anymore
441,neutral,3.0,Microsoft,Computers,build_quality,positive,it feels nice
441,neutral,3.0,Microsoft,Computers,performance,positive,works well
441,neutral,3.0,Microsoft,Computers,connectivity,negative,constantly disconnects or has a driver error
442,positive,5.0,,,build_quality,positive,lightweight and easy to carry
442,positive,5.0,,,build_quality,positive,case prevents accidental dropping
442,positive,5.0,,,design,positive,love the stand also
443,negative,2.0,,,battery_life,negative,stopped working
443,negative,2.0,,,build_quality,negative,micro catch things have been worn down
443,negative,2.0,,,customer_service,neutral,replaced it
444,positive,4.0,,,build_quality,positive,sturdy and well made
444,positive,4.0,,,build_quality,negative,magnetic hasp isn't strong enough
446,neutral,3.0,,,design,negative,i found the small medium one a bit too
448,negative,1.0,,,design,negative,hard to get on and take off the hood
448,negative,1.0,,,price_value,negative,don't wast your money on this one
450,positive,5.0,Opteka,Camera & Photo,battery_life,positive,great backup battery
450,positive,5.0,Opteka,Camera & Photo,battery_life,neutral,seems to outlast the original
450,positive,5.0,Opteka,Camera & Photo,price_value,positive,considerable savings
451,neutral,3.0,,,connectivity,positive,easy to pair
451,neutral,3.0,,,sound_audio,positive,has a nice loud sound
451,neutral,3.0,,,battery_life,negative,battery life is terrible
452,positive,5.0,Toshiba,All Electronics,price_value,positive,price was really good for a combo player
452,positive,5.0,Toshiba,All Electronics,performance,negative,this vcr does not have a tuner but it will record television programs
452,positive,5.0,Toshiba,All Electronics,design,neutral,keep our old vcr's with tuners even though the vcr's don't record anymore
453,neutral,3.0,iHome,All Electronics,design,positive,attractive and works just fine
453,neutral,3.0,iHome,All Electronics,performance,positive,works just fine two alarm times set
453,neutral,3.0,iHome,All Electronics,battery_life,negative,removable battery is problematic
454,neutral,3.0,,,design,negative,they do not offer you practically nothing different
454,neutral,3.0,,,design,positive,the color and the look
454,neutral,3.0,,,build_quality,negative,they come with a really short cord
454,neutral,3.0,,,build_quality,positive,they seems very well made
454,neutral,3.0,,,build_quality,positive,they came with two cords
454,neutral,3.0,,,price_value,negative,over price
454,neutral,3.0,,,sound_audio,positive,sound quality i am not an expert
455,negative,1.0,RAZ Entertainment,Computers,price_value,negative,the floss is more worth 15 than the card is
456,negative,2.0,,,design,negative,analog watchface sans date
456,negative,2.0,,,performance,negative,half of the features not present
456,negative,2.0,,,price_value,negative,cheap watch didn't have features
457,negative,1.0,LG,All Electronics,screen_display,negative,blue dots all over the screen
457,negative,1.0,LG,All Electronics,customer_service,neutral,they are processing a full credit
458,positive,5.0,,,build_quality,positive,so light i forget its on my keychain
458,positive,5.0,,,performance,positive,very fast speed too
460,neutral,3.0,,,design,positive,small and portable easy to use
460,neutral,3.0,,,performance,negative,doesn't spread the light as much
461,positive,4.0,Shark Week,Car Electronics,delivery,positive,system arrived on time and as described
461,positive,4.0,Shark Week,Car Electronics,sound_audio,positive,speakers sound great going down the road
461,positive,4.0,Shark Week,Car Electronics,customer_service,positive,system arrived on time and as described
462,positive,5.0,Audio-Technica,All Electronics,design,positive,great purchase very easy to setup
462,positive,5.0,Audio-Technica,All Electronics,build_quality,negative,dust cover has already started to become squeaky
463,neutral,3.0,Griffin Technology,All Electronics,connectivity,negative,does not hold radio stations as well as it advertises
464,positive,5.0,,,performance,neutral,seems to be working ok
465,neutral,3.0,,,design,negative,i did not find that to be the case for me
466,neutral,3.0,OEM,Home Audio & Theater,connectivity,negative,unable to program it for our samsung tv
466,neutral,3.0,OEM,Home Audio & Theater,customer_service,negative,called amazon because everything i did failed
467,negative,1.0,,,connectivity,negative,the charging bricks don't work
468,neutral,3.0,,,sound_audio,positive,good noise cancelling ability
468,neutral,3.0,,,battery_life,positive,single battery
468,neutral,3.0,,,price_value,positive,great price
468,neutral,3.0,,,design,negative,inside of the ear cup pressed against my ear
470,positive,5.0,GoPro,Camera & Photo,design,positive,this is a nice compact plug
470,positive,5.0,GoPro,Camera & Photo,connectivity,positive,2 outlets that can power your gopro phone
471,negative,2.0,Roku,All Electronics,price_value,positive,great concept and can save you hundreds
471,negative,2.0,Roku,All Electronics,price_value,positive,used to be a more reliable device and better value
471,negative,2.0,Roku,All Electronics,price_value,positive,great little device for about 10
471,negative,2.0,Roku,All Electronics,performance,negative,recent changes basically broke the product
472,positive,5.0,,,design,positive,very good high quality cable
472,positive,5.0,,,design,positive,so flat it is perfect for under rug
472,positive,5.0,,,build_quality,positive,protector over the end of the tab
473,positive,4.0,Microsoft,All Electronics,connectivity,positive,no issues with range or key errors
474,neutral,3.0,,,sound_audio,negative,it sounds like a 40 50 speaker
474,neutral,3.0,,,connectivity,neutral,usb power supply then this compromise
476,neutral,3.0,Grado,All Electronics,sound_audio,positive,decent sound
476,neutral,3.0,Grado,All Electronics,build_quality,positive,build quality is good
476,neutral,3.0,Grado,All Electronics,build_quality,negative,you better be fond of plastic
476,neutral,3.0,Grado,All Electronics,design,negative,headband is a really minimal affair
476,neutral,3.0,Grado,All Electronics,build_quality,negative,low quality foam
476,neutral,3.0,Grado,All Electronics,build_quality,negative,you simply can't wear these
477,positive,5.0,,,connectivity,positive,quicker than the computer
477,positive,5.0,,,performance,negative,it's too darn slow
477,positive,5.0,,,design,neutral,a bit chunky
477,positive,5.0,,,battery_life,positive,gets charged when in use
477,positive,5.0,,,customer_service,positive,it's oem
478,neutral,3.0,Skque,Computers,price_value,positive,okay for the price
478,neutral,3.0,Skque,Computers,build_quality,negative,fit to an ipad2 is quite loose
478,neutral,3.0,Skque,Computers,build_quality,negative,gap left to the back makes the hold flimsy
478,neutral,3.0,Skque,Computers,screen_display,neutral,using the touch screen
479,neutral,3.0,,,design,positive,it is a very cool design
479,neutral,3.0,,,build_quality,positive,it has carefully designed compartments
480,negative,1.0,,,camera,negative,camera water damaged within 6 months
481,positive,5.0,Hawking Technology,All Electronics,connectivity,positive,much better reception
481,positive,5.0,Hawking Technology,All Electronics,software_app,negative,the software is much less user friendly
482,neutral,3.0,,,connectivity,negative,it doesn't fit to well in to the port
482,neutral,3.0,,,connectivity,negative,it tends to fall out
482,neutral,3.0,,,delivery,negative,the last one i got from them however was a better fit
483,negative,2.0,,,build_quality,positive,cable pulls easily from the box and it seems to be sturdy
483,negative,2.0,,,price_value,negative,it was not worth the 60 bucks i saved
484,neutral,3.0,,,camera,positive,good quality image
484,neutral,3.0,,,design,neutral,smaller than 18 55 kit
484,neutral,3.0,,,performance,positive,1 to 1 1 2 stop faster
484,neutral,3.0,,,camera,negative,no image stabilization
485,neutral,3.0,Panda Wireless,All Electronics,performance,negative,started working only about 50 of the time
485,neutral,3.0,Panda Wireless,All Electronics,screen_display,negative,blue light does not come on whatsoever
485,neutral,3.0,Panda Wireless,All Electronics,customer_service,negative,panda wireless support got ah
486,positive,4.0,Panasonic,All Electronics,screen_display,positive,awesome picture
486,positive,4.0,Panasonic,All Electronics,performance,negative,youtube app is only 720p
486,positive,4.0,Panasonic,All Electronics,build_quality,negative,after a couple years if you get a buzzing sound
487,negative,2.0,SUNPAK,Camera & Photo,price_value,negative,got what you paid this is quite cheap
487,negative,2.0,SUNPAK,Camera & Photo,build_quality,negative,got what you paid this is quite cheap
487,negative,2.0,SUNPAK,Camera & Photo,camera,negative,the pad attach to the camera does not hold
488,negative,1.0,Klipsch,Home Audio & Theater,performance,negative,stopped working in one ear
488,negative,1.0,Klipsch,Home Audio & Theater,build_quality,negative,poorly constructed
489,neutral,3.0,,,build_quality,negative,don't expect amazing durable quality
489,neutral,3.0,,,price_value,negative,for the price you are paying
490,positive,5.0,,,build_quality,positive,the case is amazing well protected all around
491,neutral,3.0,Vantec,All Electronics,design,neutral,for a little bling
491,neutral,3.0,Vantec,All Electronics,performance,neutral,a tiny bit of extra airflow
492,negative,2.0,ChargerCity,Camera & Photo,build_quality,negative,broken too easily after only a about 30 days of use
493,negative,1.0,,,build_quality,negative,glue separated from woodear piece
493,negative,1.0,,,price_value,negative,don't bother buying
494,negative,1.0,Coby,All Electronics,screen_display,negative,terrible picture quality
494,negative,1.0,Coby,All Electronics,screen_display,negative,poor controls for adjustments
494,negative,1.0,Coby,All Electronics,customer_service,negative,amazons generous return attitude
495,neutral,3.0,,,battery_life,negative,about 1 3 miles on flat terrain i expected more
495,neutral,3.0,,,connectivity,negative,i will upgrade the antennas at some point to see if that helps
495,neutral,3.0,,,software_app,positive,i like the programing and scanning features
496,neutral,3.0,,,price_value,positive,cheaper than the apple brand mouse
496,neutral,3.0,,,build_quality,negative,the wire is very thin and fragile
497,positive,4.0,Wasabi Power,Camera & Photo,battery_life,positive,gave me the ability to use it for longer time with the two batteries
498,negative,2.0,,,performance,negative,will not backup windows xp computers
498,negative,2.0,,,customer_service,negative,support who confirmed that it will not backup
499,negative,2.0,,,battery_life,negative,won't charge or will stop almost quicker
500,positive,5.0,,,design,positive,i cant rave enough about these
501,negative,1.0,Garmin,Cell Phones & Accessories,screen_display,negative,display continually panning through options
501,negative,1.0,Garmin,Cell Phones & Accessories,performance,negative,faulty move sensor and over inflated step counts
501,negative,1.0,Garmin,Cell Phones & Accessories,software_app,negative,calories burned are not calculated by the heart rate
503,positive,5.0,,,performance,positive,super sharp fast lens
503,positive,5.0,,,design,positive,fixed lens no zoom
503,positive,5.0,,,price_value,positive,buy this one for about 100
504,neutral,3.0,,,screen_display,positive,great picture resolution
504,neutral,3.0,,,connectivity,negative,could not ever get it to work with my pc or tablet
504,neutral,3.0,,,delivery,negative,i sent it back
505,negative,2.0,,,connectivity,negative,did not work not compatible
506,positive,5.0,,,price_value,positive,it's not for the technically faint of heart
506,positive,5.0,,,delivery,negative,taken some time and a lot of patience
506,positive,5.0,,,software_app,negative,i've finally figured out how to use it its not intuitive
506,positive,5.0,,,design,positive,packed a lot of utility into a very small and cheap box
506,positive,5.0,,,price_value,positive,i'm as happy as i could be without spending 400
506,positive,5.0,,,price_value,positive,it's well worth the time
507,positive,5.0,,,design,positive,sleek design of this router
508,positive,5.0,Seagate,Computers,performance,negative,old drive was slowing down
508,positive,5.0,Seagate,Computers,build_quality,negative,old drive was rattily
509,negative,2.0,,,build_quality,negative,the tips are basically a bubble that comes off easily and is not firm enough
509,negative,2.0,,,price_value,negative,it's a you get what you pay for thing
510,positive,4.0,,,build_quality,positive,fairly beefy in thickness and looks like it will give decent protection
510,positive,4.0,,,design,negative,the gel material tends to attract dust and dirt particles
510,positive,4.0,,,design,negative,the edges tend to bow outward and don't fit flush
511,neutral,3.0,,,screen_display,negative,not as bright as i had hoped
511,neutral,3.0,,,screen_display,positive,gets the job done
512,negative,2.0,Griffin Technology,Home Audio & Theater,connectivity,negative,takes longer to pair than it does to search
513,negative,1.0,,,battery_life,negative,stopped charging after six months
514,negative,2.0,,,design,negative,this is low profile
514,negative,2.0,,,connectivity,negative,so is your signal
515,positive,5.0,1 BY ONE,Camera & Photo,delivery,positive,this package is what we needed
515,positive,5.0,1 BY ONE,Camera & Photo,sound_audio,neutral,now everyone upstairs and downstairs can hear when people com
516,positive,4.0,Sony,Home Audio & Theater,build_quality,positive,easy to install though it did require drilling
516,positive,4.0,Sony,Home Audio & Theater,sound_audio,positive,the sound is adequate
516,positive,4.0,Sony,Home Audio & Theater,performance,positive,it plays our copied cd's as well as the commercial ones
516,positive,4.0,Sony,Home Audio & Theater,connectivity,positive,we live in the country and th
517,positive,5.0,,,sound_audio,positive,sound quality that comes out incredible
518,negative,1.0,C2G/Cables To Go,Home Audio & Theater,delivery,negative,i ordered a rp sma male connector but instead received a sma male connector
519,negative,1.0,Lexar,Computers,build_quality,negative,the drive only lasted a year
519,negative,1.0,Lexar,Computers,performance,negative,it would crash my machine during data transfer
520,negative,1.0,SAMSUNG,All Electronics,customer_service,negative,Samsung tech support struggled with this player for a week
520,negative,1.0,SAMSUNG,All Electronics,connectivity,negative,they couldn't get it to connect to the internet
520,negative,1.0,SAMSUNG,All Electronics,software_app,positive,firmware update onto a jump drive and it updated flawlessly
520,negative,1.0,SAMSUNG,All Electronics,customer_service,negative,you have to enable this device for the internet through samsung
521,negative,2.0,,,price_value,negative,very cheap patch cables
521,negative,2.0,,,design,negative,snag less boot covers
521,negative,2.0,,,build_quality,negative,hard to press down
522,negative,1.0,,,connectivity,negative,sometimes it would connect to my smartthings hub
523,neutral,3.0,SAMSUNG,Computers,performance,negative,not much faster than a conventional disc hard drive
523,neutral,3.0,SAMSUNG,Computers,price_value,negative,trying to save a buck
524,neutral,3.0,Edimax,Computers,software_app,negative,wait until it supports os x 10 10
525,neutral,3.0,,,performance,positive,works beautifully
525,neutral,3.0,,,design,positive,setup operation and remote are the same so for me it was easy
525,neutral,3.0,,,price_value,negative,i can't help comparing it to the less expensive es15
526,neutral,3.0,,,design,negative,ordered my bad thought it was larger
526,neutral,3.0,,,design,negative,a little small for my big hands and fingers
526,neutral,3.0,,,performance,positive,like the m310 or m510 better
527,neutral,3.0,,,price_value,positive,under 20 usd
527,neutral,3.0,,,build_quality,negative,threading be jacked up
528,positive,4.0,SAMSUNG,Computers,price_value,positive,good price
528,positive,4.0,SAMSUNG,Computers,connectivity,negative,it only works if plugged directly into a usb port
529,neutral,3.0,,,delivery,negative,why this product didn't qualify for free shipping
530,negative,2.0,,,price_value,negative,extremely low price
530,negative,2.0,,,sound_audio,negative,sound even worse than 5 10 cheap phones
530,negative,2.0,,,design,negative,annoying asymmetrical design the split between
531,positive,5.0,Roku,All Electronics,connectivity,negative,wireless function broke
531,positive,5.0,Roku,All Electronics,customer_service,positive,called customer_service went through a few steps with them then they sent me a new player
532,negative,2.0,,,camera,positive,camera appears solid and pan tilt work well
532,negative,2.0,,,software_app,negative,software setup is poor
532,negative,2.0,,,sound_audio,negative,microphone not work tried different browsers
532,negative,2.0,,,customer_service,negative,had to call to see which was correct
533,negative,2.0,Sonos,Home Audio & Theater,sound_audio,positive,this system is definitively for you
534,neutral,3.0,,,design,negative,my sensitive ears couldn't tolerate them for long
536,negative,1.0,,,connectivity,negative,it had lost its connection to the wifi
536,negative,1.0,,,price_value,positive,sale price of 129 00
537,negative,1.0,,,screen_display,negative,screen is wavy and messes up the touch
538,neutral,3.0,,,performance,positive,this product worked just fine for me
538,neutral,3.0,,,build_quality,positive,it has a fuse and other safety features
538,neutral,3.0,,,customer_service,positive,other reviews have ment
539,positive,5.0,Kaisi,Computers,screen_display,positive,worked perfect
540,negative,1.0,Creative,Cell Phones & Accessories,price_value,negative,this screen protector is 28
542,positive,5.0,Logitech,Computers,build_quality,positive,very solidly built
542,positive,5.0,Logitech,Computers,connectivity,positive,paired with my thrive as simply and quickly
543,neutral,3.0,,,connectivity,negative,this was not the case
543,neutral,3.0,,,performance,negative,still have some issues
544,negative,2.0,PNY,Computers,connectivity,negative,terrible write speeds
544,negative,2.0,PNY,Computers,price_value,negative,not wasting a dollar or more on this
546,neutral,3.0,,,sound_audio,negative,the volume is so low it can't be heard
547,positive,5.0,,,delivery,positive,fast shipping
547,positive,5.0,,,delivery,positive,not overly packaged
548,positive,5.0,,,price_value,positive,expected something cheap
548,positive,5.0,,,build_quality,positive,surprised by the quality
549,positive,5.0,,,camera,positive,clarity is excellent
549,positive,5.0,,,performance,positive,consistency and quality operation
551,negative,2.0,Masione,All Electronics,design,negative,the wrong size does not fit the case
551,negative,2.0,Masione,All Electronics,battery_life,negative,the batteries are to large
553,negative,1.0,Avantree,Home Audio & Theater,sound_audio,negative,low latency thing
553,negative,1.0,Avantree,Home Audio & Theater,connectivity,neutral,every other bluetooth transmitter
554,neutral,3.0,ARRIS,All Electronics,connectivity,negative,it couldn't support my wifi network theoutput was to slow
554,neutral,3.0,ARRIS,All Electronics,connectivity,positive,the DOCSIS 3.0 modem is doing just fine
555,positive,5.0,,,performance,positive,both work very well no issues
555,positive,5.0,,,connectivity,positive,support 2 3 full power devices but can support up to seven
557,negative,2.0,SANOXY,Computers,build_quality,negative,cheap made
557,negative,2.0,SANOXY,Computers,camera,positive,liked the night vision on it
557,negative,2.0,SANOXY,Computers,connectivity,negative,couldn't get it to work with my pc
558,neutral,3.0,NETGEAR,Computers,connectivity,negative,xfinitiy recognizes this new internet connection as if it is new activation
558,neutral,3.0,NETGEAR,Computers,connectivity,negative,i cannot return my modem until this connection signal issue is resolved
558,neutral,3.0,NETGEAR,Computers,connectivity,negative,5ghz may be faster to my laptop amazon fire tv now is freezing often with 2 4 ghz connection
558,neutral,3.0,NETGEAR,Computers,customer_service,negative,their horrible human interactions
559,positive,5.0,,,camera,positive,high quality lens
559,positive,5.0,,,price_value,negative,lower price
560,positive,4.0,,,performance,positive,works great
560,positive,4.0,,,design,positive,all the stuff you need and is simple to assemble
560,positive,4.0,,,connectivity,negative,only one works where is that it guy
561,positive,5.0,KZ,Cell Phones & Accessories,sound_audio,positive,beautiful sounding headphones
561,positive,5.0,KZ,Cell Phones & Accessories,build_quality,positive,ultra comfortable
561,positive,5.0,KZ,Cell Phones & Accessories,build_quality,positive,cable easily managed not tangled
561,positive,5.0,KZ,Cell Phones & Accessories,design,positive,right angle connector less prone breaking
561,positive,5.0,KZ,Cell Phones & Accessories,price_value,positive,price headphones put out amazing sound
563,negative,2.0,,,design,positive,very pretty lightweight tri pod
563,negative,2.0,,,build_quality,positive,substantial and easy to carry
563,negative,2.0,,,build_quality,positive,twist to tighten loosen connectors are smooth
563,negative,2.0,,,performance,negative,plate that attaches to my camera won't stay secure
564,neutral,3.0,Energy Sistem,Home Audio & Theater,design,negative,the threaded insert is located between the keyhole mount and the box
565,positive,5.0,,,performance,positive,unblocked emit roughly the rated output
566,neutral,3.0,eForCity,Portable Audio & Accessories,screen_display,positive,it prevents the glow in the screen
566,neutral,3.0,eForCity,Portable Audio & Accessories,screen_display,negative,reduces the image quality of my retina display
567,neutral,3.0,,,design,negative,track pad sucks
567,neutral,3.0,,,connectivity,negative,if anything is even possibly in the way of the receiver
568,neutral,3.0,SF Cable,Home Audio & Theater,sound_audio,negative,you can sometimes hear a faint hum
570,neutral,3.0,,,build_quality,negative,it's really thick maybe not thick as much as dense
570,neutral,3.0,,,build_quality,negative,it's basically double the weight i got it
571,positive,5.0,,,software_app,positive,the acronis key that comes with the drive really came in handy
572,negative,1.0,Sharp,All Electronics,connectivity,negative,hook it up via component cables
572,negative,1.0,Sharp,All Electronics,performance,negative,unit was a bit quirky glitchy
572,negative,1.0,Sharp,All Electronics,screen_display,positive,delivering a pretty nice picture
573,negative,2.0,Jabra,Cell Phones & Accessories,price_value,negative,i bought this dongle for a lot of money 50
573,negative,2.0,Jabra,Cell Phones & Accessories,connectivity,negative,there seems to be no driver for this
574,positive,5.0,Amazon Basics,Computers,build_quality,positive,protects well
574,positive,5.0,Amazon Basics,Computers,design,positive,looks good
574,positive,5.0,Amazon Basics,Computers,price_value,positive,cant beat the price
575,neutral,3.0,,,performance,negative,a bit soft at full range
575,neutral,3.0,,,price_value,positive,i've seen this lens for half of what i paid
576,positive,5.0,Eathtek,Computers,design,positive,fit and works just great
577,positive,4.0,,,screen_display,positive,big sharp screen
577,positive,4.0,,,performance,positive,powerful gpu
577,positive,4.0,,,battery_life,positive,good battery life
577,positive,4.0,,,sound_audio,negative,slightly disappointing stereo speakers
577,positive,4.0,,,build_quality,negative,backlight leakage
577,positive,4.0,,,design,negative,not as complete or coherent a device
578,positive,5.0,,,performance,positive,runs wonderfully
579,neutral,3.0,CINEYO,Computers,price_value,positive,they're so cheap
580,negative,1.0,Etou,,battery_life,negative,charging time doubled
580,negative,1.0,Etou,,build_quality,negative,poor quality
581,neutral,3.0,,,design,positive,sling over the shoulder one to make it easier to carry
581,neutral,3.0,,,build_quality,neutral,quality of this bag is pretty decent
582,negative,1.0,Hauppauge,All Electronics,delivery,positive,device arrived promptly
582,negative,1.0,Hauppauge,All Electronics,price_value,positive,price wasn't all that bad
582,negative,1.0,Hauppauge,All Electronics,sound_audio,negative,receiver blaster would not work
582,negative,1.0,Hauppauge,All Electronics,customer_service,negative,tech support is available m f 9 to 6pm et only
583,neutral,3.0,,,performance,negative,device malfunctions quite a bit
583,neutral,3.0,,,sound_audio,negative,makes loud screaching noises
584,negative,1.0,,,performance,negative,the light on the hard disk goes out and it does not power up
585,neutral,3.0,Garmin,Home Audio & Theater,performance,negative,auto reset leaving you at step zero
585,neutral,3.0,Garmin,Home Audio & Theater,screen_display,negative,lane information displays too early
586,neutral,3.0,,,connectivity,negative,it took a while to set this up
587,negative,1.0,ASUS,Computers,design,negative,Printed instructions were awful
587,negative,1.0,ASUS,Computers,connectivity,negative,Unable to repeat the 5ghz range
588,positive,5.0,,,build_quality,positive,The material is very high quality
588,positive,5.0,,,screen_display,positive,Picture looks amazing
589,negative,1.0,GMYLE,Computers,performance,negative,caused my wife's 2013 mac air to overheat and shutdown
590,positive,5.0,ButterflyPhoto,Musical Instruments,connectivity,positive,perfect for my gopro
590,positive,5.0,ButterflyPhoto,Musical Instruments,sound_audio,positive,recording audio with my iphone
591,positive,5.0,,,performance,positive,great hard drive very fast
591,positive,5.0,,,sound_audio,positive,noticeable sound when the hard drive revs up
591,positive,5.0,,,build_quality,positive,not as loud as other drives i've had
591,positive,5.0,,,delivery,positive,i would highly recommend this drive
592,positive,5.0,Sennheiser Consumer Audio,All Electronics,sound_audio,positive,sound quality on these headphones is superb
592,positive,5.0,Sennheiser Consumer Audio,All Electronics,price_value,positive,at this price point sennheiser knows how to make a great
593,neutral,3.0,,,price_value,positive,fair price
593,neutral,3.0,,,battery_life,positive,battery life is excellent
593,neutral,3.0,,,sound_audio,negative,sound quality especially in the bass end isn't all that
594,neutral,3.0,,,design,positive,great sling style strap really nice
594,neutral,3.0,,,design,negative,tripod plate will not work with many
595,negative,2.0,,,battery_life,negative,going through batteries every 2 weeks
595,negative,2.0,,,delivery,negative,return it to them at your expense
596,positive,4.0,,,battery_life,negative,battery life supposedly four hours has not lasted
597,neutral,3.0,,,build_quality,negative,no real grip
597,neutral,3.0,,,performance,positive,it performs fine
597,neutral,3.0,,,design,neutral,no frills accessory
598,positive,5.0,,,performance,positive,works well
598,positive,5.0,,,design,positive,i like the size
598,positive,5.0,,,build_quality,positive,capacity for songs
599,positive,4.0,SanDisk,All Electronics,design,positive,great size
599,positive,4.0,SanDisk,All Electronics,build_quality,positive,has not failed
599,positive,4.0,SanDisk,All Electronics,performance,negative,speed was a little faster
600,neutral,3.0,,,connectivity,negative,not compatible with the usb 3 dvd drive
601,neutral,3.0,Netis,Computers,connectivity,negative,repeatedly connects then disconnects
601,neutral,3.0,Netis,Computers,design,positive,portable size makes it bearable
602,neutral,3.0,Monoprice,Computers,connectivity,negative,the connection feels a little loose and unstable
603,negative,1.0,,,connectivity,negative,don't buy this item useless to me
604,negative,1.0,,,design,negative,it mounted on the body only but coukd not fit
606,negative,2.0,SanDisk,Computers,connectivity,negative,this card did not work in it
606,negative,2.0,SanDisk,Computers,software_app,negative,the asus 26 firmware update was supposed to fix the microsd compatibility but for me it didn't make any difference
607,neutral,3.0,ESR,Computers,design,positive,beautiful case well made
607,neutral,3.0,ESR,Computers,build_quality,positive,well made
607,neutral,3.0,ESR,Computers,build_quality,negative,only thing that i need that it doesn't have is a strap
608,negative,2.0,,,design,positive,being comfy
608,negative,2.0,,,build_quality,negative,too flimsy it felt like it was falling apart
608,negative,2.0,,,build_quality,negative,the entire headphone had broken off the headpiece
608,negative,2.0,,,sound_audio,negative,sound being too quiet
608,negative,2.0,,,sound_audio,negative,sound is good but not great descent base
609,positive,5.0,,,performance,positive,works great
609,positive,5.0,,,design,positive,always have it in my pocket
609,positive,5.0,,,camera,positive,a camera with the little view finder
610,positive,5.0,,,delivery,positive,delivered on time
610,positive,5.0,,,customer_service,positive,just as it was explained
611,positive,5.0,,,performance,positive,great xbox storage device
612,positive,4.0,Sony,Cell Phones & Accessories,design,positive,stylish durable and works well
612,positive,4.0,Sony,Cell Phones & Accessories,build_quality,positive,battery life is pretty good
612,positive,4.0,Sony,Cell Phones & Accessories,build_quality,negative,silicon straps seem to attract dust
612,positive,4.0,Sony,Cell Phones & Accessories,design,negative,a bit uncomfortable to sleep
613,negative,1.0,acer,Computers,build_quality,negative,orientation button didn't work properly
613,negative,1.0,acer,Computers,screen_display,negative,display quality was awful
613,negative,1.0,acer,Computers,performance,negative,video playback was worst than my galaxy tab
613,negative,1.0,acer,Computers,performance,negative,took forever to buff youtube video
614,neutral,3.0,,,screen_display,negative,the picture just isn't very good
615,negative,1.0,,,performance,negative,this unit will freeze and lock up every time
616,positive,5.0,SAMSUNG,Home Audio & Theater,performance,positive,sped up the machine dramatically
616,positive,5.0,SAMSUNG,Home Audio & Theater,build_quality,positive,worked perfectly no issues at all
617,neutral,3.0,,,build_quality,negative,the fit in my ear is not quite what i like
617,neutral,3.0,,,connectivity,neutral,angle on the 3 5mm plug
617,neutral,3.0,,,design,negative,the over the ear could be improved
618,neutral,3.0,ENHANCE,Camera & Photo,build_quality,negative,it doesnt stay very snug and droops
618,neutral,3.0,ENHANCE,Camera & Photo,price_value,positive,it's not bad for the price
619,neutral,3.0,ArmorSuit,All Electronics,performance,neutral,purchased this almost a year ago
619,neutral,3.0,ArmorSuit,All Electronics,customer_service,negative,no instructions were included
619,neutral,3.0,ArmorSuit,All Electronics,delivery,negative,need a lot of patience for proper installation
619,neutral,3.0,ArmorSuit,All Electronics,build_quality,negative,sticky enough
620,negative,1.0,,,sound_audio,negative,a pair of 10 dollar earbuds sound better
620,negative,1.0,,,build_quality,negative,last longer
620,negative,1.0,,,customer_service,negative,let them know of my disappointment they never responded
621,negative,1.0,Ultra Products,Home Audio & Theater,performance,negative,failed to shield my system from a surge
622,negative,1.0,,,build_quality,negative,flimsy plastic
622,negative,1.0,,,price_value,negative,don't waste your money
623,positive,4.0,Amphony,All Electronics,performance,negative,had a hard time setting it up
623,positive,4.0,Amphony,All Electronics,build_quality,negative,sparks quite a bit when you plug it in
624,neutral,3.0,Mohu,Home Audio & Theater,connectivity,positive,i get more consistent reception
625,neutral,3.0,,,build_quality,negative,it would not turn on even after pushing the reset button
626,neutral,3.0,,,design,positive,very attractive
626,neutral,3.0,,,build_quality,negative,the barrel is so smooth slick it is difficult to grip
627,negative,1.0,Poetic,Computers,screen_display,negative,blocks the light sensors
627,negative,1.0,Poetic,Computers,build_quality,negative,rubber edges are very stiff
628,positive,5.0,Sony,Camera & Photo,camera,positive,this camera so easy to use
630,neutral,3.0,,,connectivity,negative,bluetooth connection to my tv is unreliable even the samsung link
631,neutral,3.0,,,build_quality,negative,the case fan my pc came with died
631,neutral,3.0,,,performance,positive,definitely pushes more air
631,neutral,3.0,,,sound_audio,negative,is also very audible which is not ideal
631,neutral,3.0,,,build_quality,negative,i wish it had a way to adjust the speed
632,positive,5.0,Headcase Audio,All Electronics,connectivity,negative,they had the ae2 blutooth attachment
633,negative,1.0,Mahipey,Cell Phones & Accessories,performance,negative,GPS not find me standing in the open
633,negative,1.0,Mahipey,Cell Phones & Accessories,connectivity,negative,phone notifications don't work
634,neutral,3.0,,,performance,negative,performed awfully
634,neutral,3.0,,,software_app,negative,firmware versions are not good
634,neutral,3.0,,,connectivity,neutral,signal strength on this router is ok
635,neutral,3.0,JBtek,Computers,delivery,negative,the packaging on these is not particularly robust
635,neutral,3.0,JBtek,Computers,performance,neutral,functionality if you are using this with a raspberry pi by default
636,neutral,3.0,,,build_quality,neutral,is not bad but
637,neutral,3.0,,,sound_audio,positive,sound it top notch
637,neutral,3.0,,,build_quality,negative,build quality is poor
637,neutral,3.0,,,performance,negative,performance is poor
638,positive,5.0,Sony,Home Audio & Theater,design,positive,fit perfectly in your ear
638,positive,5.0,Sony,Home Audio & Theater,design,negative,feel a little weird
638,positive,5.0,Sony,Home Audio & Theater,build_quality,negative,one of the earbuds stop working
639,negative,2.0,Everydaysource,Computers,build_quality,negative,this protector was hard to get on
639,negative,2.0,Everydaysource,Computers,build_quality,negative,the directions were quite confusing
639,negative,2.0,Everydaysource,Computers,build_quality,negative,i ended up throwing it away
640,negative,2.0,Ravelli,Camera & Photo,build_quality,negative,fluid head to this product is sub par
640,negative,2.0,Ravelli,Camera & Photo,build_quality,negative,locking mechanism looks like it had already endured some wear and tear
640,negative,2.0,Ravelli,Camera & Photo,build_quality,positive,the legs to this tripod are magnificent
640,negative,2.0,Ravelli,Camera & Photo,performance,positive,this product is solid and strong
641,neutral,3.0,,,performance,positive,the receiver functions beautifully
641,neutral,3.0,,,design,negative,ability to rename different inputs
641,neutral,3.0,,,software_app,negative,the touted app is awful
641,neutral,3.0,,,customer_service,negative,customer service for app support
642,neutral,3.0,Mediasonic,All Electronics,connectivity,neutral,usb 2 connector
642,neutral,3.0,Mediasonic,All Electronics,performance,negative,timer function is very basic
642,neutral,3.0,Mediasonic,All Electronics,performance,negative,guide only goes out about 12 hrs
642,neutral,3.0,Mediasonic,All Electronics,performance,negative,it won't come on to record
642,neutral,3.0,Mediasonic,All Electronics,build_quality,negative,basic atsc tuner
643,negative,2.0,Elandpower,Computers,software_app,negative,Software is old and update caused error
644,neutral,3.0,SANOXY,Computers,price_value,neutral,starting at 3 00
644,neutral,3.0,SANOXY,Computers,camera,negative,resolution is low
644,neutral,3.0,SANOXY,Computers,camera,negative,lights are blinding and can not be adjusted very much
645,negative,1.0,,,design,negative,tiny keyboard
645,negative,1.0,,,build_quality,negative,keyboard kept shedding its keys
645,negative,1.0,,,price_value,negative,this was a waste of money
646,negative,2.0,Nomad,Cell Phones & Accessories,design,positive,great cable
646,negative,2.0,Nomad,Cell Phones & Accessories,build_quality,negative,the black rubber material has worn away
647,negative,1.0,IVIEW,Computers,screen_display,negative,it had a row of dead pixels
648,positive,4.0,Amcrest,Camera & Photo,design,positive,easy to use and setup
648,positive,4.0,Amcrest,Camera & Photo,camera,positive,all images are very clear
648,positive,4.0,Amcrest,Camera & Photo,performance,positive,works seamlessly
648,positive,4.0,Amcrest,Camera & Photo,software_app,negative,password settings can be annoying
648,positive,4.0,Amcrest,Camera & Photo,customer_service,negative,locks you out and you have to call the tech support
649,neutral,3.0,,,screen_display,negative,screen is reflective to open windows it faces during the day much better viewing at night not near the quality of picture of our 55 vizio tv
650,positive,5.0,TP-Link,Computers,connectivity,positive,works only with wireless interface
650,positive,5.0,TP-Link,Computers,connectivity,positive,works just fine easy on and easy off
650,positive,5.0,TP-Link,Computers,connectivity,positive,good security good signal strength
650,positive,5.0,TP-Link,Computers,price_value,positive,cheeeep
651,neutral,3.0,IDENTIV,All Electronics,connectivity,positive,it works great
651,neutral,3.0,IDENTIV,All Electronics,software_app,negative,you must have some tech skills to be able to properly find and install the correct device drivers
651,neutral,3.0,IDENTIV,All Electronics,build_quality,negative,the cardboard insert that comes with the reader contains some basic troubleshooting tasks but lacks any instructions whatsoever
652,positive,4.0,Belkin,Computers,build_quality,positive,well made
652,positive,4.0,Belkin,Computers,design,positive,good looking
652,positive,4.0,Belkin,Computers,performance,positive,magnetic on off functions work perfectly
653,positive,4.0,,,sound_audio,positive,puts out nice sound
653,positive,4.0,,,design,positive,easy to use
653,positive,4.0,,,battery_life,positive,built-in battery
653,positive,4.0,,,build_quality,positive,very nicely assembled
654,positive,5.0,SAMSUNG,All Electronics,screen_display,positive,the picture is great
654,positive,5.0,SAMSUNG,All Electronics,delivery,positive,it was very easy to get set up
655,negative,2.0,,,performance,negative,it just didn't work as i thought
656,neutral,3.0,Meike,Camera & Photo,design,positive,i love the grip
656,neutral,3.0,Meike,Camera & Photo,camera,negative,causes problems with the camera
656,neutral,3.0,Meike,Camera & Photo,screen_display,negative,the display frequently stops working
657,negative,1.0,LaCie,All Electronics,performance,negative,drive refused to transfer data
657,negative,1.0,LaCie,All Electronics,price_value,negative,out 250
658,positive,5.0,,,build_quality,positive,overall very stable and solid
659,negative,1.0,SAMSUNG,Industrial & Scientific,battery_life,negative,charged my device slowly time after
660,positive,4.0,Eton,Home Audio & Theater,software_app,positive,easy to understand how to use
660,positive,4.0,Eton,Home Audio & Theater,battery_life,neutral,i haven't tried charging my cell phone
660,positive,4.0,Eton,Home Audio & Theater,performance,positive,fulfills it's purpose
661,negative,1.0,HP,Camera & Photo,screen_display,negative,all portrate pictures are cropped so that you can not tell what the picture is of
662,negative,1.0,,,sound_audio,negative,audio input and output are extremely quiet
662,negative,1.0,,,delivery,negative,this seller does not offer returns
663,neutral,3.0,,,sound_audio,negative,i never realized how much in music i was missing out
664,neutral,3.0,,,screen_display,negative,don't expect to have the light up the inside of your case well
666,neutral,3.0,Creative,Musical Instruments,sound_audio,negative,increase the amount of volume i can generate
667,neutral,3.0,GSI,Computers,build_quality,positive,hold the tv up perfectly
667,neutral,3.0,GSI,Computers,design,positive,range of motion it provides
668,neutral,3.0,ZOWEETEK,Cell Phones & Accessories,sound_audio,positive,great sound quality in either mode
668,neutral,3.0,ZOWEETEK,Cell Phones & Accessories,design,positive,reasonably compact and light
669,positive,4.0,PIONEER,Cell Phones & Accessories,software_app,positive,its a nice system
670,positive,5.0,LG,Cell Phones & Accessories,sound_audio,positive,the sound is very good very crisp
670,positive,5.0,LG,Cell Phones & Accessories,build_quality,positive,they stay in place
672,neutral,3.0,,,build_quality,negative,the plastic hooks for the strap broke
672,neutral,3.0,,,build_quality,negative,it is not sturdy and can carry very little weight
672,neutral,3.0,,,delivery,positive,my product was replaced upon request
672,neutral,3.0,,,price_value,negative,i would not purchase this again
673,positive,5.0,SanDisk,All Electronics,delivery,positive,llego en tiempo
673,positive,5.0,SanDisk,All Electronics,performance,positive,funciona tal como la describe el fabricante es rapida
673,positive,5.0,SanDisk,All Electronics,camera,positive,perfecta para mi camara d7000
675,positive,5.0,,,price_value,positive,great product for the price
675,positive,5.0,,,build_quality,positive,i was able to use a cover to protect it
676,positive,4.0,ERP,Computers,design,positive,i am very pleased with the cover overall
676,positive,4.0,ERP,Computers,camera,positive,the camera opening or the speaker openings
676,positive,4.0,ERP,Computers,connectivity,positive,i have had no problem with
676,positive,4.0,ERP,Computers,design,positive,this cover does provide an easy to hold feel
678,positive,5.0,,,design,positive,expand the memory on your iphone
678,positive,5.0,,,design,positive,able to put tons of movies and music on it
678,positive,5.0,,,customer_service,positive,plug it into your computer to update the firmware from the sandisk website then download the sandisk app to your phone
679,positive,5.0,Belkin,Computers,build_quality,positive,backlit keys are an excellent feature
679,positive,5.0,Belkin,Computers,screen_display,positive,iPad can be posed in vertical horizontal views
679,positive,5.0,Belkin,Computers,connectivity,positive,easy to pair with the ipad via bluetooth
679,positive,5.0,Belkin,Computers,price_value,positive,for this price range
680,neutral,3.0,,,build_quality,positive,sturdy well made case
680,neutral,3.0,,,design,negative,back plastic casing dark marine blue
680,neutral,3.0,,,delivery,negative,not a deep navy tone like the picture
681,neutral,3.0,,,sound_audio,negative,this drive is loud as hell
682,positive,5.0,Wacom,All Electronics,performance,positive,still using it 1 year later
683,negative,1.0,I-SMILE,,build_quality,negative,mine is falling apart after 3 months
683,negative,1.0,I-SMILE,,design,negative,it's separating from the top of the clear plastic
684,neutral,3.0,,,performance,neutral,only shows 600x800 resolution on my linux box
685,positive,5.0,,,performance,positive,this is buffed
685,positive,5.0,,,performance,positive,have had no trouble
686,negative,1.0,BM Premium,Camera & Photo,connectivity,negative,did not contain a charger
686,negative,1.0,BM Premium,Camera & Photo,delivery,positive,their usual good return and credit
687,neutral,3.0,Emotiva Audio,All Electronics,performance,positive,worked great
687,neutral,3.0,Emotiva Audio,All Electronics,design,positive,looked great
687,neutral,3.0,Emotiva Audio,All Electronics,sound_audio,neutral,could not notice a difference
687,neutral,3.0,Emotiva Audio,All Electronics,price_value,negative,returned it
689,negative,1.0,Hauppauge,Computers,battery_life,positive,elgato game capture hd much better and is usb powered
690,negative,2.0,Toshiba,Computers,design,negative,there should be a snap velcro strap or something to keep the portfolio closed
691,neutral,3.0,,,camera,negative,the quality is mediocre for objects located over 20 ft away
691,neutral,3.0,,,software_app,negative,the software for this camera securview is very unstable
692,neutral,3.0,,,connectivity,negative,it wouldn't keep connection i would press keys with no response
693,negative,1.0,Griffin Technology,Cell Phones & Accessories,build_quality,negative,plastic buckle breaks quickly
693,negative,1.0,Griffin Technology,Cell Phones & Accessories,design,negative,buttons not easily accessible
693,negative,1.0,Griffin Technology,Cell Phones & Accessories,price_value,negative,bad investment
694,neutral,3.0,Cyber Acoustics,Computers,sound_audio,negative,not real good sounding
694,neutral,3.0,Cyber Acoustics,Computers,price_value,positive,for the price i'm satisfied
695,positive,4.0,,,build_quality,negative,the way the cables plug in at the top
695,positive,4.0,,,camera,positive,ability to take a picture or video of the camera display
695,positive,4.0,,,battery_life,positive,battery las
696,negative,2.0,3M,Office Products,customer_service,negative,after assembling the stand discovering its literal shortcomings i called 3m to inquire
697,negative,2.0,Amcrest,Camera & Photo,camera,negative,cameras are not as clear as x10 wireless camera previous used fuzzy
697,negative,2.0,Amcrest,Camera & Photo,connectivity,positive,the remote option set up fine on my smart phone
697,negative,2.0,Amcrest,Camera & Photo,connectivity,negative,when i checked around the house but did not work when a took a 60 mile day trip
698,negative,1.0,iSeekerKit,Cell Phones & Accessories,build_quality,negative,the micro usb looked a little bent i figured nothing of it but they didn't
700,positive,4.0,Celestron,Camera & Photo,price_value,positive,great value
700,positive,4.0,Celestron,Camera & Photo,build_quality,positive,sturdy strap is thin
701,neutral,3.0,,,customer_service,negative,they never mention that you had to provide your own 5v usb device
701,neutral,3.0,,,connectivity,negative,you had to provide your own 5v usb device
701,neutral,3.0,,,performance,positive,it works great so far
702,positive,4.0,,,design,positive,Sony quality earphones
702,positive,4.0,,,price_value,positive,for the price
702,positive,4.0,,,build_quality,positive,comfortable to wear
703,neutral,3.0,,,connectivity,negative,my initial set up did not work i received an error message th
704,neutral,3.0,,,screen_display,negative,the light on the thumbdrive is on and the settings menu displays for a split second
704,neutral,3.0,,,price_value,negative,2 years lifetime is acceptable for something at this price
705,positive,5.0,,,delivery,positive,lift the lid of the laptop and it's instantly awake
705,positive,5.0,,,connectivity,positive,asks which wifi network to connect to then it asks for your google email password
706,positive,5.0,SAMSUNG,Computers,build_quality,positive,fit perfect all the screws lined up very easy to change out
706,positive,5.0,SAMSUNG,Computers,delivery,positive,very fast shipping
706,positive,5.0,SAMSUNG,Computers,delivery,positive,packed very well in the box
708,positive,5.0,,,performance,positive,works perfectly
708,positive,5.0,,,design,positive,nice and flat
708,positive,5.0,,,customer_service,positive,appreciate the vendor
709,neutral,3.0,,,design,negative,had the molded earpieces pictured however when it arrived no molded earpieces
709,neutral,3.0,,,design,positive,still a decent earpiece though
710,neutral,3.0,ASUS,All Electronics,build_quality,negative,missing three buttons
710,neutral,3.0,ASUS,All Electronics,performance,negative,motherboard wouldn't post
710,neutral,3.0,ASUS,All Electronics,customer_service,positive,they were su
711,neutral,3.0,Neewer,Camera & Photo,connectivity,negative,does not connect
711,neutral,3.0,Neewer,Camera & Photo,camera,negative,get it to power the camera
712,positive,5.0,,,design,positive,original design of being fully inserted
712,positive,5.0,,,design,negative,would defeat the purpose of the design
713,negative,2.0,,,price_value,positive,great value
713,negative,2.0,,,battery_life,negative,center of battery has begun to bulge
714,positive,5.0,Intel,Computers,performance,positive,approx 15 improvement across most games
714,positive,5.0,Intel,Computers,build_quality,negative,cpu does seem to run a little warmer
715,positive,5.0,,,performance,positive,blazing fast
715,positive,5.0,,,price_value,positive,budget card
716,negative,2.0,Jensen,All Electronics,sound_audio,negative,does not play cds
716,negative,2.0,Jensen,All Electronics,sound_audio,positive,the radio does work
716,negative,2.0,Jensen,All Electronics,delivery,neutral,listing on the website
717,positive,5.0,,,battery_life,positive,good batteries
718,neutral,3.0,,,software_app,positive,installation was a breeze
718,neutral,3.0,,,performance,positive,transfer rates from an sandisk extreme iii card was about 25 mb sec
718,neutral,3.0,,,design,negative,the reader sticks out quite a bit
718,neutral,3.0,,,design,positive,silver metal p
719,positive,5.0,Amazon Renewed,All Electronics,performance,positive,working flawlessly for more than two weeks
719,positive,5.0,Amazon Renewed,All Electronics,design,positive,used on our main tv as the first streaming stick
719,positive,5.0,Amazon Renewed,All Electronics,software_app,positive,many more options and works so much better
720,neutral,3.0,Sangean,Home Audio & Theater,connectivity,negative,it pulls in sw just slightly better than the stock antenna
721,negative,1.0,TIANLE,All Electronics,screen_display,negative,got a blank screen
721,negative,1.0,TIANLE,All Electronics,performance,positive,worked splendidly for him without any issues
721,negative,1.0,TIANLE,All Electronics,connectivity,positive,bring netflix onto my tv
722,negative,1.0,,,performance,negative,worked 1 x then failed
722,negative,1.0,,,performance,negative,runs slow loading simple apps will cause it to freeze up
723,negative,1.0,,,performance,negative,got nothing zip nada noise just a little
724,neutral,3.0,Griffin Technology,All Electronics,connectivity,negative,you have to re tune the transmitter whenever
725,positive,4.0,Logitech,All Electronics,performance,positive,never had any problems
725,positive,4.0,Logitech,All Electronics,design,negative,not that happy with the contoured style it so many others have
725,positive,4.0,Logitech,All Electronics,performance,negative,the small scroll wheel though it works well gets tiring afte
726,positive,5.0,,,build_quality,positive,high quality drive
726,positive,5.0,,,price_value,positive,just look at the price
727,negative,1.0,Road Mice,All Electronics,design,positive,the mouse looks cool
727,negative,1.0,Road Mice,All Electronics,performance,negative,it worked for about a week then all of a sudden it stopped working
727,negative,1.0,Road Mice,All Electronics,connectivity,negative,it acts like the mouse isn't sending the signal to the receiver
728,positive,5.0,Keen Eye,All Electronics,delivery,positive,shipping was fast and very efficient
729,negative,1.0,,,performance,negative,they're really frustrating when they no longer charge
730,positive,5.0,,,connectivity,positive,this cable made it so simple
731,neutral,3.0,,,design,positive,looks great
732,negative,2.0,Parrot,Cell Phones & Accessories,build_quality,positive,prior model worked well for a couple of years
732,negative,2.0,Parrot,Cell Phones & Accessories,performance,positive,easily understood and accepted simple spoken commands
732,negative,2.0,Parrot,Cell Phones & Accessories,sound_audio,positive,speaker was not that special but was intelligible
732,negative,2.0,Parrot,Cell Phones & Accessories,sound_audio,positive,microphone worked well enough
732,negative,2.0,Parrot,Cell Phones & Accessories,build_quality,positive,two button syst
733,positive,5.0,ProCase,Computers,design,positive,color is a very pleasant purple
733,positive,5.0,ProCase,Computers,performance,neutral,it took a second to get it to stand up
733,positive,5.0,ProCase,Computers,price_value,positive,i would buy again
734,positive,5.0,Bose,All Electronics,connectivity,positive,once i received it i plugged it in and now i get more
735,positive,5.0,Panasonic,Camera & Photo,price_value,positive,a un precio realmente bajo
735,positive,5.0,Panasonic,Camera & Photo,camera,positive,tiene un rango amplsi de distancias focales
737,positive,5.0,Koss,Home Audio & Theater,sound_audio,positive,good sound quality
737,positive,5.0,Koss,Home Audio & Theater,price_value,positive,for such a low price
737,positive,5.0,Koss,Home Audio & Theater,build_quality,positive,the cable comes out of only the left side
738,neutral,3.0,,,design,negative,notebook rings inside
740,positive,5.0,,,sound_audio,positive,master control for audi video equipment
741,neutral,3.0,Pro-Optic,Camera & Photo,price_value,positive,1/3 the price
741,neutral,3.0,Pro-Optic,Camera & Photo,build_quality,negative,nubs are loose
741,neutral,3.0,Pro-Optic,Camera & Photo,build_quality,negative,grips is on my lens its really tight
743,neutral,3.0,LENSPEN,Camera & Photo,price_value,positive,for the price it works well
743,neutral,3.0,LENSPEN,Camera & Photo,build_quality,negative,the detent is a little shallow
743,neutral,3.0,LENSPEN,Camera & Photo,build_quality,negative,the phillips screw holding the assembly must be checked
743,neutral,3.0,LENSPEN,Camera & Photo,build_quality,negative,don't over tighten as it will hinder your moving to the next detent
743,neutral,3.0,LENSPEN,Camera & Photo,software_app,negative,the software is really outdated
744,neutral,3.0,,,battery_life,negative,does not hold a charger longer than 2 hours
745,positive,5.0,,,build_quality,positive,not disintegrating like the originals
745,positive,5.0,,,performance,positive,fit perfectly 30 seconds to change out
746,positive,5.0,,,performance,positive,it worked very well
746,positive,5.0,,,design,positive,took being painted great too
747,positive,5.0,Creative,Computers,price_value,negative,kind of a pointless buy
747,positive,5.0,Creative,Computers,performance,negative,it in no way helped my system
748,negative,2.0,Think Tank,Camera & Photo,build_quality,positive,the shouder straps and super comfortible they are padded very well and wide
748,negative,2.0,Think Tank,Camera & Photo,design,positive,the is nice and big can carray a lot of gears
749,negative,1.0,Monoprice,Home Audio & Theater,connectivity,negative,in wall with ir ones from monoprice
750,negative,1.0,Suptig,Camera & Photo,performance,negative,it leaked
751,positive,5.0,,,sound_audio,negative,keeps squawking until you turn it off even if that is 90 minutes
752,negative,2.0,Loopilops,Cell Phones & Accessories,build_quality,negative,low grade wire doesn't bend easily nor does it return
752,negative,2.0,Loopilops,Cell Phones & Accessories,price_value,negative,priced as being a 'better' cable and the quality isn't the
753,negative,2.0,zjchao,All Electronics,connectivity,positive,the connection was the correct size
753,negative,2.0,zjchao,All Electronics,performance,negative,the micca origen reported an error
754,neutral,3.0,,,price_value,negative,you get for what you pay
754,neutral,3.0,,,build_quality,negative,it will brake in no time
755,positive,5.0,,,build_quality,positive,solid build quality
755,positive,5.0,,,sound_audio,positive,very quiet
755,positive,5.0,,,performance,positive,plenty of air flow
755,positive,5.0,,,battery_life,positive,low power drain
755,positive,5.0,,,performance,negative,one speed
756,positive,4.0,,,design,positive,great product exactly what i expected
756,positive,4.0,,,build_quality,positive,cushions fit really snuggly
756,positive,4.0,,,build_quality,positive,material is tough
757,negative,1.0,Tagan Technology Co,Computers,performance,negative,started acting up i had all sorts of problems with the cursor jumping all over the screen and getting really jittery it just wouldn't stop moving
760,positive,4.0,SUPCASE,Cell Phones & Accessories,price_value,positive,great price
760,positive,4.0,SUPCASE,Cell Phones & Accessories,connectivity,negative,plug cover is new and tight
760,positive,4.0,SUPCASE,Cell Phones & Accessories,sound_audio,negative,volume buttons feel
761,negative,1.0,Griffin Technology,Sports & Outdoors,design,negative,The pocket on the back had a vertical hole off to one side
761,negative,1.0,Griffin Technology,Sports & Outdoors,design,negative,The pocket will not close all the way
762,neutral,3.0,,,connectivity,negative,seems a little to loose wobbly in the socket
763,positive,5.0,Cozyswan,All Electronics,performance,positive,works great
764,negative,1.0,,,performance,negative,horrible time staying on any station
765,negative,1.0,GADGET.COOL,Cell Phones & Accessories,sound_audio,negative,none of them worked right
765,negative,1.0,GADGET.COOL,Cell Phones & Accessories,sound_audio,negative,some had sound coming from only one ear bud and others had some sound coming out of both but the sound was distorted
766,positive,5.0,,,sound_audio,positive,they pack a lot of punch
766,positive,5.0,,,price_value,positive,amazed at how much sound you can get for under 25
766,positive,5.0,,,performance,positive,amazed at how much sound you can get
767,positive,4.0,,,performance,positive,does exactly what i need it to do
767,positive,4.0,,,design,positive,hold a set of batteries nicely together and away from other
768,neutral,3.0,,,software_app,negative,forced advertising on it
770,negative,2.0,Tiffen,Camera & Photo,price_value,positive,very light and very cheap
770,negative,2.0,Tiffen,Camera & Photo,build_quality,negative,top stand twists and fall back under the camera weight
770,negative,2.0,Tiffen,Camera & Photo,performance,negative,does it's job only if the camera is positioned right
771,positive,5.0,,,build_quality,positive,build quality is decent
771,positive,5.0,,,price_value,positive,it's cheap and it works
772,positive,5.0,Kingston,All Electronics,price_value,positive,i got it for 20 so it's worth it's weight in gold
773,neutral,3.0,,,performance,negative,they fail to work after time
774,neutral,3.0,Lorex,Camera & Photo,software_app,negative,xp era active x plugin
774,neutral,3.0,Lorex,Camera & Photo,software_app,positive,supported on osx with safari
776,negative,1.0,PIXEL,Camera & Photo,camera,negative,back light could stay on
776,negative,1.0,PIXEL,Camera & Photo,performance,negative,transmitter was half pressed
777,neutral,3.0,FAVI,All Electronics,build_quality,positive,size and weight are great
777,neutral,3.0,FAVI,All Electronics,screen_display,neutral,picture reproduction is ok
777,neutral,3.0,FAVI,All Electronics,sound_audio,negative,speakers were not meant to pick up the sound
778,negative,1.0,,,build_quality,negative,four way direction buttons do not function
779,positive,4.0,,,build_quality,negative,switches seem a little flimsy
779,positive,4.0,,,price_value,positive,good price
780,positive,5.0,Movo,Camera & Photo,design,positive,very easy to use
780,positive,5.0,Movo,Camera & Photo,design,positive,would buy a second one
781,neutral,3.0,,,delivery,negative,takes a long very time for delivery
783,positive,5.0,,,design,positive,aesthetic feel good and work beautifully
784,neutral,3.0,,,design,positive,easy to hold and write with
784,neutral,3.0,,,build_quality,negative,break these just by pressing too hard
786,neutral,3.0,Cellto,Cell Phones & Accessories,price_value,positive,price is great and it's very attractive
786,neutral,3.0,Cellto,Cell Phones & Accessories,build_quality,negative,back case where the ipad snaps into is made of a flexible rubber like material
787,negative,2.0,leegoal,Computers,screen_display,negative,shows weird lines through the screen
788,positive,5.0,Altura Photo,Camera & Photo,design,positive,nice soft eyepiece
788,positive,5.0,Altura Photo,Camera & Photo,delivery,positive,shipping was fast
788,positive,5.0,Altura Photo,Camera & Photo,build_quality,positive,quality is good simply slide off existing eyepiece install
790,neutral,3.0,,,design,positive,the cover flap no longer extends past the right edge
790,neutral,3.0,,,design,negative,an odd 1 8 inch protrusion almost the entire length of the case on the left
790,neutral,3.0,,,customer_service,positive,they stood by their product and sent a replacement
791,negative,2.0,Amazon Basics,Cell Phones & Accessories,connectivity,negative,small end simply pulled off
792,neutral,3.0,Pyle,Car Electronics,delivery,positive,mounted correctly the first time
792,neutral,3.0,Pyle,Car Electronics,customer_service,positive,good support
792,neutral,3.0,Pyle,Car Electronics,design,positive,lots of features
793,negative,1.0,,,connectivity,negative,does not work shorts out windows ce 6device
793,negative,1.0,,,customer_service,negative,requested a replacement same issue
794,positive,4.0,Jabra,Cell Phones & Accessories,battery_life,positive,battery life last long
794,positive,4.0,Jabra,Cell Phones & Accessories,price_value,positive,priced right
794,positive,4.0,Jabra,Cell Phones & Accessories,sound_audio,negative,dsp noise cancelling microphone it's doesn't work
794,positive,4.0,Jabra,Cell Phones & Accessories,sound_audio,positive,speaker is decent loud and clear
794,positive,4.0,Jabra,Cell Phones & Accessories,connectivity,positive,stream music and gps voice guidance
795,negative,1.0,,,build_quality,negative,some two screws in the inner part fell
795,negative,1.0,,,customer_service,negative,sony they only offer a three month warranty
796,neutral,3.0,,,sound_audio,neutral,okay speakers
796,neutral,3.0,,,connectivity,negative,finicky blue tooth connection
796,neutral,3.0,,,build_quality,negative,lasted about 6 months before the head band broke
797,negative,1.0,,,delivery,negative,error message took too long to wait for a return
797,negative,1.0,,,screen_display,negative,turns on but shows no image just error message
798,positive,5.0,Ape Case,Camera & Photo,design,positive,this case is awesome
799,neutral,3.0,,,connectivity,negative,incompatible with my dell desktop
799,neutral,3.0,,,customer_service,negative,easy return to amazon no problems
800,negative,1.0,SABRENT,Computers,delivery,negative,the box says 12v6a but is obviously not
800,negative,1.0,SABRENT,Computers,customer_service,negative,amazon recommends it bait and switch
801,neutral,3.0,Amazon,Amazon Devices,screen_display,positive,integrated light that flips out
801,neutral,3.0,Amazon,Amazon Devices,screen_display,negative,lights unevenly brightly illuminating
801,neutral,3.0,Amazon,Amazon Devices,screen_display,negative,difficult to decipher in the dark
801,neutral,3.0,Amazon,Amazon Devices,design,positive,sleek design
801,neutral,3.0,Amazon,Amazon Devices,build_quality,positive,cover itself is a nice quality
802,neutral,3.0,,,camera,negative,no better than a tie no better than a bra's
802,neutral,3.0,,,camera,positive,it's wide enough to make walking around with the camera comfortable
803,neutral,3.0,,,delivery,positive,shipped and delivered very quickly
803,neutral,3.0,,,build_quality,positive,packaging was proper and felt adequate
803,neutral,3.0,,,design,positive,better than in pictures it fit very well
803,neutral,3.0,,,build_quality,positive,lid works perfectly to wake up and put the ipad to sleep
804,positive,5.0,PerformancePackage,Cell Phones & Accessories,price_value,positive,quality mount for the price
804,positive,5.0,PerformancePackage,Cell Phones & Accessories,build_quality,positive,replace the original suction cups
804,positive,5.0,PerformancePackage,Cell Phones & Accessories,performance,positive,adjustability is great too
805,positive,5.0,Noctua,Computers,sound_audio,positive,definitely more quiet than the fan it replaced
805,positive,5.0,Noctua,Computers,sound_audio,positive,it seems to move a bit more air
806,neutral,3.0,Daffodil,Computers,performance,negative,problems with double clicking multiple clicking
807,negative,1.0,,,build_quality,negative,lasted only 1 year now
807,negative,1.0,,,performance,negative,it gets 1 star is mainly because
807,negative,1.0,,,connectivity,negative,syncs with the bluetooth dongle then proceeds
807,negative,1.0,,,performance,negative,all it does is type a bunch of gibberish
808,positive,5.0,Wintec,All Electronics,price_value,positive,very good price
808,positive,5.0,Wintec,All Electronics,performance,neutral,performs to spec
809,positive,5.0,,,build_quality,positive,usb cable is 15' 10 long not 10
809,positive,5.0,,,software_app,positive,comes with driver install cd
810,positive,4.0,IMORDEN,Camera & Photo,design,positive,great slider for the beginner
810,positive,4.0,IMORDEN,Camera & Photo,performance,negative,isn't the smoothest
810,positive,4.0,IMORDEN,Camera & Photo,price_value,positive,low entry cost
810,positive,4.0,IMORDEN,Camera & Photo,camera,positive,great shots
811,negative,1.0,,,delivery,negative,out of box
811,negative,1.0,,,software_app,negative,app locked up my iphone 5s
813,negative,2.0,,,performance,negative,w and two button already stopped working
815,negative,2.0,Gary Fong,Camera & Photo,design,negative,it requires you to take your speedlight with you
815,negative,2.0,Gary Fong,Camera & Photo,camera,negative,very limited effect softens flash slightly
817,negative,2.0,Emerson,Home Audio & Theater,sound_audio,negative,the cd function does not work as it should
818,negative,1.0,,,build_quality,negative,product simply would not snug up to the screen
818,negative,1.0,,,performance,negative,installation is snap
820,positive,4.0,StarTech,Computers,performance,positive,the product worked as advertised
820,positive,4.0,StarTech,Computers,design,negative,a better border around the front
820,positive,4.0,StarTech,Computers,price_value,positive,this enclosure works great
821,neutral,3.0,Exxact Parts Solution,Computers,battery_life,negative,battery seem to continue to want a momentary charge
821,neutral,3.0,Exxact Parts Solution,Computers,battery_life,negative,charging had them out of service for a few weeks
821,neutral,3.0,Exxact Parts Solution,Computers,battery_life,negative,led indicator string on the battery pack continues to show all lights lit
822,neutral,3.0,DROK,Industrial & Scientific,build_quality,negative,capacitors would get hot
822,neutral,3.0,DROK,Industrial & Scientific,performance,neutral,voltage output seems to be very close
822,neutral,3.0,DROK,Industrial & Scientific,screen_display,negative,screen has recently started to flicker
823,positive,5.0,TENVIS,Camera & Photo,software_app,positive,quick response when using the phone app
823,positive,5.0,TENVIS,Camera & Photo,camera,negative,will be forever mystified by the camera's movement and whirring sounds
825,positive,5.0,MEE audio,Home Audio & Theater,build_quality,positive,still like new
825,positive,5.0,MEE audio,Home Audio & Theater,sound_audio,positive,husband liked them
825,positive,5.0,MEE audio,Home Audio & Theater,customer_service,positive,out of the last 9 pair
826,negative,1.0,Garmin,Cell Phones & Accessories,software_app,negative,the software is a bit flakey
826,negative,1.0,Garmin,Cell Phones & Accessories,software_app,negative,getting the add-ons to install properly is hard
827,negative,1.0,iCarez,Computers,build_quality,negative,corner about a 3 inch triangle will not adhere
828,neutral,3.0,MOBI,Baby,performance,negative,not the best monitor out there
828,neutral,3.0,MOBI,Baby,performance,positive,replaced with a better product
828,neutral,3.0,MOBI,Baby,connectivity,negative,it sometimes did not have good reception
828,neutral,3.0,MOBI,Baby,build_quality,negative,not the most durable
828,neutral,3.0,MOBI,Baby,build_quality,negative,not very durable
829,negative,1.0,TomTom,Cell Phones & Accessories,software_app,neutral,installed tomtom home on it it told me i needed to update my software
830,neutral,3.0,UPPERCASE,Computers,design,positive,looks pretty nice
830,neutral,3.0,UPPERCASE,Computers,build_quality,negative,feels so uncomfortable it slows me down from typing
832,neutral,3.0,Avantree,Cell Phones & Accessories,build_quality,positive,good fit nicely in ear and stays in the wire wraps
833,negative,2.0,ALC,Camera & Photo,software_app,negative,cannot be used on all tablets
834,positive,5.0,,,performance,positive,works great
834,positive,5.0,,,delivery,positive,shipping was as stated and on time
835,neutral,3.0,,,price_value,positive,cheap works but died on me
835,neutral,3.0,,,battery_life,negative,died on me after less than a year
835,neutral,3.0,,,design,neutral,not 100 sure it's actually an oem product
836,negative,1.0,,,design,positive,very small and sleek looking
836,negative,1.0,,,build_quality,neutral,the screws strip extremely easy
836,negative,1.0,,,build_quality,positive,much better build quality
837,neutral,3.0,Olympus,Camera & Photo,price_value,positive,loved the price
837,neutral,3.0,Olympus,Camera & Photo,software_app,negative,menu system was somewhat complicated
837,neutral,3.0,Olympus,Camera & Photo,camera,negative,photo quality specifically in low light situations it was worse than an iphone
838,negative,2.0,,,build_quality,negative,assemble the sceen assembly except for plugging in the connectors
839,neutral,3.0,,,design,negative,too large for system to recognize
840,neutral,3.0,,,performance,negative,fans are woefully insufficient
841,positive,4.0,Lightwedge,Amazon Devices,design,positive,leather feels good
841,positive,4.0,Lightwedge,Amazon Devices,build_quality,positive,seams are sewn well
841,positive,4.0,Lightwedge,Amazon Devices,build_quality,positive,it is durable
841,positive,4.0,Lightwedge,Amazon Devices,screen_display,positive,straps do not interfere with the screen
841,positive,4.0,Lightwedge,Amazon Devices,design,negative,feels bulky at the spine
842,negative,2.0,,,screen_display,negative,first item had several dead pixels
843,neutral,3.0,,,screen_display,negative,the lcd screen is extremely horrible to view
844,neutral,3.0,VideoSecu,Camera & Photo,design,negative,it takes up so much space on a power strip
845,negative,1.0,Belkin,Computers,performance,negative,this gave me a fit setting up
845,negative,1.0,Belkin,Computers,customer_service,negative,Belkin tech support is no help
846,neutral,3.0,,,customer_service,negative,does not come with any direction or any website to find any
847,neutral,3.0,D-Link,Computers,performance,negative,unreliable performance
847,neutral,3.0,D-Link,Computers,connectivity,negative,would freeze up when more than 10 wireless devices connected
848,negative,2.0,Kaito,,performance,negative,tough to get the unit in and out of record playback mode
849,positive,4.0,,,connectivity,negative,i can't use the quad zone triggering system with my elincrhom dlite 4
849,positive,4.0,,,customer_service,positive,customer service was very quick and responsive but they told me they have issues with elincrhom strobes
850,neutral,3.0,Garmin,Cell Phones & Accessories,performance,positive,this is a very good gps unit and works well
850,neutral,3.0,Garmin,Cell Phones & Accessories,screen_display,positive,the screen is wide and has a decent resolution and contrast levels
851,neutral,3.0,,,performance,negative,died within a 12 hour period
852,negative,2.0,Ridata,Home Audio & Theater,performance,negative,a dvd writer with a big fat 8x on the box
852,negative,2.0,Ridata,Home Audio & Theater,software_app,negative,running the latest firmware and software
853,positive,5.0,Nikon,Camera & Photo,camera,positive,swivel monitor i was soooo happy
853,positive,5.0,Nikon,Camera & Photo,camera,neutral,manual that's how i found out
853,positive,5.0,Nikon,Camera & Photo,camera,negative,should supply a cap for this
854,neutral,3.0,D-Link,All Electronics,connectivity,negative,signal strength fluctuates between good and poor
855,neutral,3.0,YONGNUO,Camera & Photo,connectivity,negative,well it triggers them but the shutter goes off first
855,neutral,3.0,YONGNUO,Camera & Photo,performance,negative,the shutter goes off first and then the signal gets to the flash
856,positive,5.0,ANNKE,Camera & Photo,software_app,positive,android and iphone apps work pretty well
856,positive,5.0,ANNKE,Camera & Photo,software_app,positive,easily configure by simply scanning a qr code
856,positive,5.0,ANNKE,Camera & Photo,screen_display,positive,monitor image quality is still great
856,positive,5.0,ANNKE,Camera & Photo,connectivity,positive,phone app with wifi and 4g viewing works
857,negative,2.0,Seagate,Computers,build_quality,negative,circuit board that handles power failed
857,negative,2.0,Seagate,Computers,customer_service,negative,very difficult warranty policy
858,negative,1.0,PWR+,All Electronics,connectivity,negative,charger didn't work
858,negative,1.0,PWR+,All Electronics,performance,negative,bought 2 neither worked
859,negative,1.0,OLYMPUS,Camera & Photo,camera,negative,compatible if the 4 3s format interchangeable lens compacts
860,positive,5.0,Cambridge Soundworks,All Electronics,connectivity,positive,initially i had some problems connecting
860,positive,5.0,Cambridge Soundworks,All Electronics,sound_audio,positive,great sound coming from this iddy biddy little speaker
861,negative,2.0,,,software_app,negative,some provided software
861,negative,2.0,,,connectivity,negative,WPS setup did not work
861,negative,2.0,,,connectivity,positive,wifi setup simpler than
862,positive,4.0,,,connectivity,positive,works on ps2 n64 nes perfect for older dvd games
863,negative,1.0,C2G,All Electronics,design,positive,looks great
863,negative,1.0,C2G,All Electronics,performance,negative,blue light on top started flashing and then stopped working
863,negative,1.0,C2G,All Electronics,delivery,negative,returning the unit
864,neutral,3.0,Kinobo,Computers,build_quality,negative,the plug feels extremely cheap and flimsy
866,neutral,3.0,,,build_quality,negative,its a tad thick and a little heavy
866,neutral,3.0,,,build_quality,negative,thickness of the material makes it hard to access the buttons
866,neutral,3.0,,,screen_display,negative,took several attempts at stretching the material to be able to see the whole display
866,neutral,3.0,,,design,negative,biggest drawback is the loop on the right side of the case for the el cheapo pen
868,negative,2.0,Jensen,Home Audio & Theater,build_quality,negative,mediocre quality
868,negative,2.0,Jensen,Home Audio & Theater,design,negative,primitive design
868,negative,2.0,Jensen,Home Audio & Theater,sound_audio,negative,FM reception isn't even a close second
869,negative,2.0,,,price_value,negative,over priced for the quality
869,negative,2.0,,,sound_audio,negative,quality of sound
869,negative,2.0,,,build_quality,positive,they do appear to be made well
869,negative,2.0,,,design,positive,controls are placed well
869,negative,2.0,,,design,negative,too close together
870,negative,2.0,ecoEfficiency,Camera & Photo,battery_life,negative,won't take a charge at all zip zilch nothing
871,positive,5.0,,,sound_audio,positive,connect the rca sound out ports from the tv to my headphones
872,neutral,3.0,Amazon Basics,Computers,connectivity,negative,cable is super thick and a pain to deal with
873,negative,2.0,,,screen_display,negative,i had to turn off all lights at night
874,positive,5.0,Noctua,Computers,build_quality,negative,very cheap and loud three pin fan
874,positive,5.0,Noctua,Computers,build_quality,positive,super quiet and more control over its function
875,negative,2.0,LimoStudio,Camera & Photo,battery_life,negative,the battery does fall out
875,negative,2.0,LimoStudio,Camera & Photo,delivery,positive,everything came with it
876,positive,5.0,SAMSUNG,Home Audio & Theater,performance,positive,this drive is fast
876,positive,5.0,SAMSUNG,Home Audio & Theater,performance,positive,boot time is down
877,negative,2.0,,,connectivity,negative,it is not wifi
877,negative,2.0,,,price_value,negative,it should be for that price
878,negative,2.0,CASE XX,GPS & Navigation,delivery,positive,i got my screen protector very fast
878,negative,2.0,CASE XX,GPS & Navigation,design,positive,it was the right size
878,negative,2.0,CASE XX,GPS & Navigation,build_quality,negative,it did not want to come off
880,positive,5.0,Explore Scientific,Camera & Photo,performance,positive,excellent eyepiece performance
881,positive,5.0,Monster,Home Audio & Theater,connectivity,negative,the signal was not working correctly i would have a fluttering screen
881,positive,5.0,Monster,Home Audio & Theater,performance,positive,this splitter and wow worked like a charm
882,neutral,3.0,,,performance,positive,connect to this extension speed 50 120 mb sec
882,neutral,3.0,,,connectivity,positive,connect to this extension speed 50 120 mb sec
883,neutral,3.0,Rii,Computers,design,negative,didn't sit well
883,neutral,3.0,Rii,Computers,connectivity,negative,fought the sync
884,neutral,3.0,UCEC,All Electronics,screen_display,negative,weird screen tearing
885,neutral,3.0,Sony,Car Electronics,design,negative,detachable face
886,negative,2.0,Pro Brand International,Home Audio & Theater,build_quality,negative,low quality item made in china
887,neutral,3.0,Creative,All Electronics,sound_audio,negative,buying a dac for me is daunting
888,neutral,3.0,,,build_quality,negative,there is no tripod support for large lenes use
889,positive,5.0,,,performance,positive,functions flawlessly
889,positive,5.0,,,price_value,positive,price point and quality
890,negative,1.0,,,screen_display,negative,color calibrations on my macbook pro were clearly broken
890,negative,1.0,,,software_app,negative,latest software release 11 2009 notes that it cannot accurately generate icc 4 profiles
890,negative,1.0,,,software_app,negative,software is not native os x but instead appears to be a haphazard port
891,neutral,3.0,,,delivery,positive,shipment i like
891,neutral,3.0,,,build_quality,negative,ball head it's completly stuck
891,neutral,3.0,,,design,positive,gorillapod it's very versatile
892,positive,4.0,Shark Week,Car Electronics,sound_audio,positive,the sound is solid controls work fine
892,positive,4.0,Shark Week,Car Electronics,build_quality,negative,control unit is sort or chinsy with a horrible mounting bracket
892,positive,4.0,Shark Week,Car Electronics,design,positive,i love the chrome it fits in on my bike
892,positive,4.0,Shark Week,Car Electronics,delivery,positive,i received the items faster than expected
893,positive,5.0,JLab,Computers,sound_audio,positive,very good speaker
893,positive,5.0,JLab,Computers,connectivity,positive,small plugs into usb source
893,positive,5.0,JLab,Computers,price_value,positive,19 95 is a steal
894,neutral,3.0,Noot,Home Audio & Theater,performance,positive,these are great
894,neutral,3.0,Noot,Home Audio & Theater,build_quality,negative,not as comfortable
895,negative,1.0,,,software_app,negative,contacts tile mysteriously turned into a second off switch
895,negative,1.0,,,performance,negative,one unit did not work properly
896,neutral,3.0,,,sound_audio,negative,right speaker is making bass noise
896,neutral,3.0,,,build_quality,negative,go buy real koss porta pro from koss web page
897,negative,1.0,Olevia,All Electronics,performance,negative,it turns itself off two or three times a day
898,positive,5.0,,,connectivity,positive,both the firewire and usb plugs worked perfectly
899,positive,5.0,,,price_value,positive,great price on this cable
899,positive,5.0,,,performance,positive,works great
900,positive,5.0,,,delivery,positive,item arrived on time
900,positive,5.0,,,delivery,positive,securely packaged
900,positive,5.0,,,customer_service,positive,exactly as described
900,positive,5.0,,,customer_service,positive,super happy and would order again
900,positive,5.0,,,performance,negative,item stopped working after 6 months
902,neutral,3.0,VideoSecu,All Electronics,design,positive,support bracket is only on one side
902,neutral,3.0,VideoSecu,All Electronics,build_quality,negative,top screw gave and away goes the tv
903,neutral,3.0,Snap-on,Cell Phones & Accessories,delivery,positive,he hasn't used it yet as advertised
904,negative,2.0,G.G.Martinsen,Home Audio & Theater,battery_life,negative,product only lasted about 5 months
904,negative,2.0,G.G.Martinsen,Home Audio & Theater,build_quality,negative,accompanying instructions just a tiny sheet
904,negative,2.0,G.G.Martinsen,Home Audio & Theater,customer_service,negative,i had to ask online for enough info to help me use this product
904,negative,2.0,G.G.Martinsen,Home Audio & Theater,price_value,negative,i feel i wasted my money
906,negative,1.0,,,software_app,negative,the new software will only let you add devices no customizing the buttons
907,positive,5.0,Envizen Digital,All Electronics,performance,positive,i got 14 channels
908,neutral,3.0,Hauppauge,All Electronics,connectivity,negative,only a few QAM high def channels available
908,neutral,3.0,Hauppauge,All Electronics,screen_display,positive,they look great on my tv analog tv ntsc is adequate
908,neutral,3.0,Hauppauge,All Electronics,performance,negative,changing channels in windows media center is a little slow
909,negative,2.0,,,sound_audio,negative,others don't require you to set the gain for cable length
911,negative,2.0,Epartsdom,Computers,price_value,negative,ended up spending more money
911,negative,2.0,Epartsdom,Computers,build_quality,negative,malfunctioned ever since the beginning
912,positive,5.0,,,performance,positive,wonderful gift
913,positive,5.0,,,camera,positive,they work very well
914,positive,5.0,Dell,Computers,screen_display,negative,i don't love the aspect ratio
914,positive,5.0,Dell,Computers,design,positive,this monitor is massive and very well designed
914,positive,5.0,Dell,Computers,design,positive,it really looks professional
914,positive,5.0,Dell,Computers,design,positive,fits well
914,positive,5.0,Dell,Computers,build_quality,negative,it is not terribly slim
915,negative,1.0,,Home Audio & Theater,connectivity,negative,this thing is not recognized by my pc
915,negative,1.0,,Home Audio & Theater,customer_service,positive,the vendor immediately issued a refund
916,neutral,3.0,Nupro,Amazon Devices,design,positive,this product was definitely as advertised
916,neutral,3.0,Nupro,Amazon Devices,build_quality,negative,installing this protective screen was very difficult
916,neutral,3.0,Nupro,Amazon Devices,build_quality,negative,the tools shipped with this product and the installation instructions are not as good
917,neutral,3.0,SAMSUNG,Home Audio & Theater,price_value,positive,good and affordable
917,neutral,3.0,SAMSUNG,Home Audio & Theater,performance,negative,not as good and fast
918,neutral,3.0,Lenmar,Camera & Photo,battery_life,positive,battery life is still very high
919,positive,5.0,,,connectivity,positive,this will fix it
920,negative,2.0,,,build_quality,negative,corner is already messed up
920,negative,2.0,,,build_quality,negative,magnets won't stick
920,negative,2.0,,,build_quality,negative,lost the pen at least 4 times
921,positive,5.0,Roku,All Electronics,performance,positive,it's great it's just like the other one
921,positive,5.0,Roku,All Electronics,connectivity,negative,slow the wifi often did not load
922,neutral,3.0,Etekcity,Home Audio & Theater,sound_audio,negative,sound is very good on treble side clarity great but poor base
923,negative,2.0,,,design,positive,super thin and pretty
923,negative,2.0,,,build_quality,negative,offers no real protection
924,neutral,3.0,Sony,Home Audio & Theater,screen_display,negative,i can't read the time easily the clock does not light up
924,neutral,3.0,Sony,Home Audio & Theater,sound_audio,neutral,the radio itself is just fine
925,positive,5.0,Nikon,Camera & Photo,camera,positive,sharpest clearest lens in my lens line up
925,positive,5.0,Nikon,Camera & Photo,performance,positive,won a ribbon at the county fair with it
925,positive,5.0,Nikon,Camera & Photo,price_value,positive,couldn't be happier i purchased this
926,positive,5.0,GE,Camera & Photo,performance,positive,works very well
926,positive,5.0,GE,Camera & Photo,price_value,positive,i would suggest others invest
927,positive,5.0,,,sound_audio,positive,sound good
927,positive,5.0,,,build_quality,negative,leatherette started coming off
928,neutral,3.0,Wasabi Power,Camera & Photo,build_quality,negative,DOA 50 is not a good average
928,neutral,3.0,Wasabi Power,Camera & Photo,delivery,negative,seller now says they will only refund
928,neutral,3.0,Wasabi Power,Camera & Photo,customer_service,negative,seller now says they will only refund
929,positive,5.0,Amazon Renewed,Cell Phones & Accessories,design,positive,takes a wee bit of used to for the thick part
929,positive,5.0,Amazon Renewed,Cell Phones & Accessories,software_app,positive,has great comands
929,positive,5.0,Amazon Renewed,Cell Phones & Accessories,connectivity,positive,lets you know who is calling
930,positive,5.0,,,performance,positive,this little guy works great
930,positive,5.0,,,customer_service,positive,pleased with this purchase
930,positive,5.0,,,price_value,positive,worth paying a little extra
931,negative,1.0,Pyle,Car Electronics,screen_display,negative,did not display a clear picture
931,negative,1.0,Pyle,Car Electronics,camera,negative,night vision is useless
931,negative,1.0,Pyle,Car Electronics,build_quality,negative,leaked water into the housing
932,positive,4.0,,,performance,positive,it works very well at removing the noise
933,negative,2.0,RivenAn,Camera & Photo,build_quality,negative,joints on these clamps are very flimsy
933,negative,2.0,RivenAn,Camera & Photo,build_quality,negative,cam tightening system is also a little bit wonky
933,negative,2.0,RivenAn,Camera & Photo,build_quality,negative,clamp is probably not meant to handle anything
934,negative,2.0,,,build_quality,negative,it is stiff and won't stay
935,positive,4.0,Sony,Home Audio & Theater,design,negative,this receiver is by nature complicated
935,positive,4.0,Sony,Home Audio & Theater,software_app,negative,their gui interface could use a touch of apple intuition
936,negative,1.0,,,delivery,positive,able to get all 5 devices entered
936,negative,1.0,,,design,positive,didn't need to learn any buttons
937,neutral,3.0,Cables Unlimited,Home Audio & Theater,connectivity,negative,the connection got too bad
938,positive,5.0,Altura Photo,Camera & Photo,performance,positive,decreases recycle time to i can shoot longer and faster
938,positive,5.0,Altura Photo,Camera & Photo,build_quality,positive,give tips in the manual on how not to overshoot and burn your flash
938,positive,5.0,Altura Photo,Camera & Photo,design,positive,pouch that has a velcro strap to easily hang
939,positive,5.0,,,sound_audio,positive,great sound this is
939,positive,5.0,,,design,positive,simple it is to operate
940,negative,1.0,D-Link,Computers,software_app,negative,childish menu system that looks line none other
940,negative,1.0,D-Link,Computers,performance,negative,after a year usage it went downhill
940,negative,1.0,D-Link,Computers,connectivity,negative,wifi was worse lots of disconnects
941,positive,5.0,Amazon Basics,Cell Phones & Accessories,build_quality,positive,feels solid and everything clicks
942,positive,4.0,,,design,positive,compact and powerful device
942,positive,4.0,,,performance,positive,happy on this useful device
942,positive,4.0,,,delivery,negative,still awaiting for their feedback
943,positive,5.0,,,build_quality,positive,fits perfectly in this neoprene sleeve
943,positive,5.0,,,design,positive,iPad slips out easily and goes back in snug
944,positive,5.0,Manhattan,,connectivity,positive,connections are snug
944,positive,5.0,Manhattan,,build_quality,positive,don't come loose
946,positive,5.0,Sony,Home Audio & Theater,price_value,positive,msrp at sony is full retail at amazon big savings
946,positive,5.0,Sony,Home Audio & Theater,performance,positive,these by far trump over all of them
946,positive,5.0,Sony,Home Audio & Theater,build_quality,positive,very well built
947,negative,2.0,Comoze Lamps,All Electronics,performance,negative,my bulb died within the first week
947,negative,2.0,Comoze Lamps,All Electronics,performance,negative,didn't work out for my set
948,negative,1.0,,,performance,negative,it failed after 20 days of proper and occasional use
949,neutral,3.0,Mediabridge,Home Audio & Theater,connectivity,negative,it made a bad connection the signal would be fine then go away
949,neutral,3.0,Mediabridge,Home Audio & Theater,performance,negative,length attenuated the signal too much
950,negative,2.0,,,sound_audio,negative,will not last if you use it a lot
950,negative,2.0,,,build_quality,negative,plastic flex section will wear out
951,positive,5.0,,,camera,positive,love my camera
951,positive,5.0,,,price_value,positive,not too pricey
952,positive,5.0,,,design,positive,medium sized backpack i am able to carry
952,positive,5.0,,,build_quality,positive,compact laptop easy access area custom molds
952,positive,5.0,,,connectivity,positive,multitude of cables adapters batteries flash devices
954,positive,5.0,,,sound_audio,positive,great headphones
955,neutral,3.0,Viking Components,All Electronics,delivery,negative,wrong product received
955,neutral,3.0,Viking Components,All Electronics,performance,negative,Viking Interworks flash is new and slower
955,neutral,3.0,Viking Components,All Electronics,price_value,positive,good value for money
956,negative,1.0,msi,Computers,design,positive,looks great
956,negative,1.0,msi,Computers,software_app,negative,had problems with bios
956,negative,1.0,msi,Computers,delivery,negative,would not post showed ff debug code
957,negative,2.0,JLab,Cell Phones & Accessories,sound_audio,negative,sound quality is not good enough
958,neutral,3.0,Dust-Off,Office Products,price_value,negative,kinda on the expensive side
958,neutral,3.0,Dust-Off,Office Products,performance,positive,helped me with my needs
959,positive,5.0,SanDisk,All Electronics,performance,positive,works great
960,neutral,3.0,Phonex,All Electronics,sound_audio,negative,the line will not sound clear
960,neutral,3.0,Phonex,All Electronics,connectivity,negative,the remote unit could not connect
960,neutral,3.0,Phonex,All Electronics,connectivity,negative,i tried it in another electrical socket
962,negative,2.0,Optoma,All Electronics,design,negative,vga connector screw socket too short
964,neutral,3.0,NETGEAR,Computers,performance,positive,it works fine once you get it going
964,neutral,3.0,NETGEAR,Computers,connectivity,negative,it's also needed to be near the router
965,neutral,3.0,,,connectivity,negative,could never get it to connect
965,neutral,3.0,,,customer_service,positive,replied quickly to my emails
965,neutral,3.0,,,sound_audio,negative,sound quality is a bit low
966,neutral,3.0,TP-Link,Computers,connectivity,negative,signal strength is not very good
966,neutral,3.0,TP-Link,Computers,connectivity,positive,antennas look great
967,positive,5.0,SanDisk,All Electronics,performance,positive,i have always loved how well sandisk compactflash work
968,neutral,3.0,Amazon Basics,Computers,sound_audio,negative,sound but it is not pleasant
968,neutral,3.0,Amazon Basics,Computers,sound_audio,negative,volume knob was scratchy
968,neutral,3.0,Amazon Basics,Computers,build_quality,positive,fulfills it's task admirably
969,positive,5.0,,,design,positive,easy to use
969,positive,5.0,,,performance,positive,does what it's supposed to
969,positive,5.0,,,build_quality,positive,well made
970,positive,5.0,,,delivery,negative,they took over a month to arrive
970,positive,5.0,,,price_value,positive,if i lose one i have another one
971,positive,5.0,,,delivery,positive,Received the product very fast
971,positive,5.0,,,build_quality,positive,looks and feels to be of high quality
971,positive,5.0,,,camera,positive,wide angle lens
972,negative,2.0,Crucial,Computers,performance,negative,it worked fine for a couple of months and then just died
973,positive,5.0,Workingport,Computers,build_quality,positive,provides good protection and portability
973,positive,5.0,Workingport,Computers,design,positive,custom designed for all features
974,negative,1.0,,,performance,negative,problems with static in one channel
974,negative,1.0,,,price_value,negative,wouldn't recommend buying this cable
975,neutral,3.0,Peerless-AV,Home Audio & Theater,build_quality,negative,screws that attached the bracket to the back of the tv are some kind of composite metal they look like they would snap easy one snapped on me
976,positive,5.0,SquareTrade,Computers,performance,negative,tablet went up square trade
977,positive,5.0,Esky,Computers,performance,positive,works on windows 7
977,positive,5.0,Esky,Computers,performance,positive,easy to install driver
977,positive,5.0,Esky,Computers,delivery,positive,comes on cd
977,positive,5.0,Esky,Computers,connectivity,positive,good signal strength
977,positive,5.0,Esky,Computers,design,positive,very small size
977,positive,5.0,Esky,Computers,design,positive,looks great too
978,neutral,3.0,,,build_quality,positive,weather proof
978,neutral,3.0,,,sound_audio,positive,good bass
978,neutral,3.0,,,performance,negative,more powerful one
979,positive,5.0,,,screen_display,positive,awesome picture and quality
980,positive,5.0,,,design,positive,it's a very nice color
980,positive,5.0,,,build_quality,positive,it has plenty of room
981,neutral,3.0,,,battery_life,positive,charges easily
981,neutral,3.0,,,sound_audio,positive,sounds good
981,neutral,3.0,,,design,negative,a little too small for my ears
982,neutral,3.0,Amazon,,design,positive,i will go ahead and keep it so i can move my tap
983,negative,1.0,Sony,Home Audio & Theater,sound_audio,positive,sound is good
983,negative,1.0,Sony,Home Audio & Theater,screen_display,negative,picture was muddy not crisp and sharp
983,negative,1.0,Sony,Home Audio & Theater,connectivity,negative,4k hd pass through isn't
984,negative,1.0,G-TING,All Electronics,connectivity,negative,the only port that seems to work is the charging port
985,positive,5.0,,,performance,positive,it is quiet efficient
985,positive,5.0,,,build_quality,positive,build quality
985,positive,5.0,,,price_value,positive,don't break the
986,positive,5.0,,,design,positive,she can turn it whichever way she needs to use it
987,neutral,3.0,,,sound_audio,positive,great noise cancelling was very efficient
987,neutral,3.0,,,build_quality,negative,the cord was getting worn
987,neutral,3.0,,,build_quality,negative,my left earbud was flickering
987,neutral,3.0,,,performance,negative,both were inefficient and near obsolete
988,neutral,3.0,AMBOR,Computers,design,positive,i love the design
988,neutral,3.0,AMBOR,Computers,performance,positive,functions really well
988,neutral,3.0,AMBOR,Computers,build_quality,negative,has not worn well
989,positive,5.0,SquareTrade,Camera & Photo,camera,negative,some of them won't make it
989,positive,5.0,SquareTrade,Camera & Photo,customer_service,negative,delay in processing my refund
990,negative,1.0,Cooler Master,Computers,delivery,neutral,it arrived
990,negative,1.0,Cooler Master,Computers,performance,negative,it doesn't work the fan doesn't turn at all
991,negative,1.0,GRIFITI,Camera & Photo,design,negative,poorly designed
991,negative,1.0,GRIFITI,Camera & Photo,build_quality,negative,very very shaky on the smoothest of roads
991,negative,1.0,GRIFITI,Camera & Photo,build_quality,negative,can't tighten the screw mount enough
992,positive,5.0,,,design,positive,this case was paired with the ipad air 2 model a1566 in terms of usability and sturdiness
992,positive,5.0,,,build_quality,negative,fitting the plastic enclosure around the ipad was pretty tight like i was going to break it
994,negative,1.0,,,build_quality,negative,the end is already loose
994,negative,1.0,,,price_value,negative,it is cheap poor quality
994,negative,1.0,,,connectivity,negative,contrary to the description there is no way to connect
995,positive,5.0,,,delivery,positive,ordered as an upgrade for a toshiba l645d s4030 no problems whatsoever
996,neutral,3.0,Antec,Computers,connectivity,negative,front panel 3 0 usb connector is to big for the mother board 3 0 socket
997,neutral,3.0,Logitech,All Electronics,sound_audio,negative,sound quality isn't the greatest
997,neutral,3.0,Logitech,All Electronics,build_quality,positive,sturdy design seem well made
997,neutral,3.0,Logitech,All Electronics,price_value,negative,cost just a little more than these
998,negative,1.0,,All Electronics,screen_display,negative,didn't get any of the colors shown
998,negative,1.0,,All Electronics,build_quality,negative,not stickey enough
998,negative,1.0,,All Electronics,delivery,negative,took 2 and a half weeks to get here
998,negative,1.0,,All Electronics,price_value,negative,this should have cost 99
999,positive,5.0,,,connectivity,positive,paired easily
999,positive,5.0,,,sound_audio,positive,good sound good volume
1000,neutral,3.0,BUFFALO,Computers,performance,positive,it does what i was looking for
1000,neutral,3.0,BUFFALO,Computers,customer_service,negative,no one answered
1000,neutral,3.0,BUFFALO,Computers,delivery,positive,what drives came with the unit
1001,neutral,3.0,,,performance,negative,write speeds for this 8gb version are disappointing
1001,neutral,3.0,,,design,positive,i plan to use this as a new yumi based go
1002,negative,1.0,Elk Home,Amazon Home,performance,negative,these pizzes of sheeeeeeeeeeet do not work
1002,negative,1.0,Elk Home,Amazon Home,build_quality,negative,flimsy as well
1003,positive,5.0,,,price_value,positive,they were so cheap
1003,positive,5.0,,,battery_life,positive,easily 8 hours of play time
1003,positive,5.0,,,build_quality,positive,lightweight
1003,positive,5.0,,,build_quality,neutral,wire could be a less grippy material
1003,positive,5.0,,,design,positive,a super small control module
1004,positive,5.0,NETGEAR,All Electronics,performance,positive,they all work out of the box
1004,positive,5.0,NETGEAR,All Electronics,connectivity,negative,dead spots in my house on the network
1005,positive,5.0,Bonita Treasures,All Electronics,connectivity,positive,we went from getting 2 stations to 6
1006,neutral,3.0,,,price_value,negative,overpriced 24 dollars
1006,neutral,3.0,,,build_quality,negative,looks cheap and light
1007,positive,4.0,,,design,positive,GPS fits snug
1007,positive,4.0,,,build_quality,positive,light but sturdy
1007,positive,4.0,,,screen_display,positive,divider keeps my screen protected very well
1007,positive,4.0,,,price_value,positive,i am happy with this purchase
1009,positive,5.0,,,price_value,positive,low price
1009,positive,5.0,,,customer_service,positive,fast service
1010,neutral,3.0,,,performance,positive,works nicely
1010,neutral,3.0,,,design,negative,color is way off
1010,neutral,3.0,,,camera,positive,night vision is good
1010,neutral,3.0,,,connectivity,positive,no 2 4 ghz interference
1011,positive,5.0,acer,Computers,build_quality,positive,well built
1011,positive,5.0,acer,Computers,screen_display,positive,screen viewing angles are very respectable
1011,positive,5.0,acer,Computers,performance,positive,cpu is fast enough
1012,positive,5.0,TP-Link,Camera & Photo,design,positive,small size about 3x5 inches white color
1012,positive,5.0,TP-Link,Camera & Photo,camera,neutral,640x480 maximum so don't expect high quality images
1012,positive,5.0,TP-Link,Camera & Photo,sound_audio,positive,it also has sound
1013,negative,1.0,,,connectivity,negative,does not work
1014,negative,2.0,Mudder,Camera & Photo,build_quality,negative,flimsy and cheap
1014,negative,2.0,Mudder,Camera & Photo,price_value,negative,not worth the try
1014,negative,2.0,Mudder,Camera & Photo,performance,negative,completely useless
1015,positive,5.0,,,design,positive,i really like the length
1015,positive,5.0,,,build_quality,positive,way better than apple's flimsy cord
1016,negative,2.0,,,sound_audio,positive,speakers are a 10 in sound
1016,negative,2.0,,,build_quality,positive,ear buds are solid
1016,negative,2.0,,,design,negative,do not fit in your ears well
1018,neutral,3.0,Gigabyte,Computers,software_app,negative,couldn't successfully install ubuntu 14.04.3 LTS on it
1019,positive,5.0,,,build_quality,positive,built tough
1019,positive,5.0,,,build_quality,positive,best case
1019,positive,5.0,,,design,positive,looks fantastic
1020,negative,2.0,CableJive,Computers,build_quality,negative,the cables broke quickly i don't think the plastic end pieces are actually connected
1021,positive,5.0,Nikon,Camera & Photo,performance,positive,does what is supposed to do
1021,positive,5.0,Nikon,Camera & Photo,design,positive,looks good
1022,negative,1.0,Honeywell,Tools & Home Improvement,performance,negative,it worked for about 2 months then just stopped working
1023,neutral,3.0,Acer,Computers,price_value,positive,microsoft had gotten on the ball sooner with the lower priced laptops
1023,neutral,3.0,Acer,Computers,software_app,neutral,if you only ever use a laptop to browse the internet or you don't collaborate with others using microsoft office products
1024,negative,1.0,Tenergy,Cell Phones & Accessories,sound_audio,negative,speaker 'floating' around in the headband
1025,negative,1.0,,,connectivity,negative,15 ft or quality issue
1026,positive,5.0,Sametop,Camera & Photo,performance,positive,work perfect
1026,positive,5.0,Sametop,Camera & Photo,build_quality,negative,screw have to push it a little hard
1027,positive,5.0,PIONEER,Computers,performance,positive,dvds and blu rays just fine
1027,positive,5.0,PIONEER,Computers,price_value,positive,spend the extra for a burner to get a pioneer drive
1028,neutral,3.0,,,design,positive,the box looks like it is in good condition
1028,neutral,3.0,,,build_quality,negative,a simple puncture in the box could ruin the entire air flow
1029,negative,1.0,,,connectivity,negative,cables did not support arc function
1030,negative,1.0,Mediasonic,Computers,performance,negative,less than 30mb s sequential write speeds
1031,neutral,3.0,D-Link,Camera & Photo,camera,positive,camera quality was good
1031,neutral,3.0,D-Link,Camera & Photo,performance,negative,expected much better performance
1031,neutral,3.0,D-Link,Camera & Photo,software_app,negative,terribly slow web interface
1032,neutral,3.0,Cheetah,Home Audio & Theater,build_quality,negative,brackets that actually hold the tv rely on only three things to stay on the wall mount
1033,positive,5.0,,,performance,positive,works very well
1033,positive,5.0,,,build_quality,positive,very well made
1034,neutral,3.0,,,sound_audio,positive,sound was good
1034,neutral,3.0,,,connectivity,negative,not able to get any media bridge to work with my router
1034,neutral,3.0,,,delivery,negative,sent it back
1035,positive,5.0,,,price_value,positive,for the price this pair performs better
1035,positive,5.0,,,performance,positive,this 6x30mm pair gives great light
1036,neutral,3.0,iMicro,All Electronics,sound_audio,negative,sound quality is only passable
1036,neutral,3.0,iMicro,All Electronics,build_quality,negative,comes with a strong plastic smell
1036,neutral,3.0,iMicro,All Electronics,price_value,positive,got my moneys worth out of it
1036,neutral,3.0,iMicro,All Electronics,performance,neutral,does the job i ask of it
1037,neutral,3.0,TP-Link,Computers,performance,positive,better than my old router
1037,neutral,3.0,TP-Link,Computers,connectivity,negative,5 ghz has such a short range
1037,neutral,3.0,TP-Link,Computers,connectivity,positive,2 4 ghz though excellent
1038,negative,1.0,ARKON,Cell Phones & Accessories,design,negative,unit is just too heavy
1038,negative,1.0,ARKON,Cell Phones & Accessories,build_quality,negative,design vent mounts are garbage
1039,neutral,3.0,Cradlepoint,Computers,delivery,negative,i had to do a firmware update to get it to work
1039,neutral,3.0,Cradlepoint,Computers,connectivity,negative,distance is very limited i don't get a excellent connection
1040,positive,5.0,SanDisk,Computers,build_quality,positive,i accidentally left it in my shirt
1041,neutral,3.0,Liger,All Electronics,connectivity,negative,have to constantly adjust to get picture from different channels
1042,neutral,3.0,CushionCare,Computers,build_quality,positive,both parts keyboard and mouse keep the shape
1042,neutral,3.0,CushionCare,Computers,design,positive,cushions are soft enough even just to rest my hands on them
1042,neutral,3.0,CushionCare,Computers,design,positive,long cushion is as wide as my keyboard
1042,neutral,3.0,CushionCare,Computers,performance,positive,mouse pad allows a wide range of movement
1043,positive,5.0,Manhattan,Home Audio & Theater,sound_audio,positive,sound come through perfectly
1045,negative,2.0,,,design,negative,the pen was bent by the time i was informed
1047,neutral,3.0,Bose,Home Audio & Theater,sound_audio,positive,great music and huge sound reduction
1047,neutral,3.0,Bose,Home Audio & Theater,price_value,positive,much better price
1047,neutral,3.0,Bose,Home Audio & Theater,performance,negative,not nearly as good
1047,neutral,3.0,Bose,Home Audio & Theater,delivery,negative,delivery was bad
1048,negative,1.0,,,screen_display,negative,screen uniformity issues
1048,negative,1.0,,,screen_display,negative,screen is dead
1048,negative,1.0,,,customer_service,negative,taking too long
1048,negative,1.0,,,price_value,positive,i love dell monitors
1049,positive,4.0,PNY,Computers,price_value,positive,low price for 16gb in a flash drive
1049,positive,4.0,PNY,Computers,design,positive,packaging was easy to open
1049,positive,4.0,PNY,Computers,performance,negative,usb 2 0 speeds for most people
1050,neutral,3.0,,,design,positive,cute
1050,neutral,3.0,,,performance,negative,comes off and after i put in a bunch of photos
1050,neutral,3.0,,,performance,negative,it stopped working and my photos and files are lost forever
1051,negative,1.0,Logitech,Computers,performance,negative,phantom double clicking on single click
1051,negative,1.0,Logitech,Computers,delivery,negative,Logitech refuses to publicly admit it is a defect
1052,negative,2.0,,,build_quality,negative,wore out fast
1053,neutral,3.0,Wasserstein,Camera & Photo,build_quality,negative,the built in plug which you have to use doesn't fit snuggly into the outlet receptacle
1054,positive,4.0,,,design,positive,fits perfectly
1054,positive,4.0,,,price_value,positive,fraction of the cost
1054,positive,4.0,,,performance,positive,very usable product
1055,positive,5.0,Importer520,Cell Phones & Accessories,performance,positive,it work great
1056,positive,5.0,Kingston,Computers,design,positive,design is so great i would almost call it beautiful
1056,positive,5.0,Kingston,Computers,build_quality,positive,it is sturdy all the other key chain ones i bought broke off
1058,neutral,3.0,Aiposen,Computers,price_value,positive,for a good price
1058,neutral,3.0,Aiposen,Computers,performance,positive,does the job
1059,negative,1.0,iRiver,All Electronics,performance,negative,didn't work so well
1059,negative,1.0,iRiver,All Electronics,price_value,positive,it worked well
1060,negative,2.0,D & K Exclusives,All Electronics,connectivity,negative,not happy with connection
1061,neutral,3.0,Fotodiox,Camera & Photo,connectivity,positive,works for my metz cl 45
1061,neutral,3.0,Fotodiox,Camera & Photo,design,negative,a bit awkward in the field
1062,neutral,3.0,Neewer,Camera & Photo,design,negative,the white part on the front is dirty out of the package it is stained
1063,positive,5.0,,,screen_display,positive,great view of my desktop
1063,positive,5.0,,,performance,positive,netflix movie which is also great
1064,neutral,3.0,CanaKit,Computers,performance,negative,only 1 amp
1065,negative,1.0,,,connectivity,negative,via cellular networks like the 2g 3g and 4g networks
1066,positive,4.0,,,performance,negative,a little slower than normal
1066,positive,4.0,,,price_value,positive,still good for the price
1067,positive,4.0,,,delivery,negative,hard to find stuff for the zunes
1067,positive,4.0,,,design,positive,thick cord
1068,negative,2.0,HP,Computers,performance,negative,not very responsive
1068,negative,2.0,HP,Computers,design,positive,nice look and feel
1069,negative,2.0,SAMSUNG,All Electronics,price_value,positive,inexpensive units reasonably easy to use
1069,negative,2.0,SAMSUNG,All Electronics,performance,negative,stopped recognizing many major studio released dvds
1070,neutral,3.0,HP,Computers,build_quality,negative,big and heavy so you can't carry
1070,neutral,3.0,HP,Computers,battery_life,positive,extra capacity which is nice
1071,negative,1.0,ASUS,,performance,negative,slow slow slow
1071,negative,1.0,ASUS,,performance,negative,won't deliver more than 20 22mbps
1071,negative,1.0,ASUS,,performance,negative,troubleshoot why this router won't deliver more
1072,neutral,3.0,SANOXY,Computers,connectivity,negative,usb connection does not seem to work
1073,negative,2.0,SAMSUNG,,battery_life,negative,2 1 2 years is a very short period of time
1074,neutral,3.0,Iomega,All Electronics,connectivity,negative,this one won't either
1075,negative,2.0,ASUS,Computers,performance,negative,after many hours it will not post
1075,negative,2.0,ASUS,Computers,customer_service,negative,thank goodness for amazon who agreed
1075,negative,2.0,ASUS,Computers,delivery,positive,thank goodness for amazon who agreed
1076,neutral,3.0,,,performance,negative,they cut out every single step
1077,positive,4.0,Monster,Computers,connectivity,negative,it covers 2 outlets but only has 3 inputs
1078,positive,5.0,,,connectivity,positive,this adaptor did the trick nicely
1079,negative,1.0,,,screen_display,negative,the picture advertised for the flylinktech smart watch shows images
1079,negative,1.0,,,performance,negative,the flylinktech smart watch is limited to only one screen
1080,positive,5.0,Amazon Renewed,Computers,performance,positive,i5 processor
1080,positive,5.0,Amazon Renewed,Computers,performance,positive,128 gb of ram
1080,positive,5.0,Amazon Renewed,Computers,performance,positive,took win10 in minutes
1080,positive,5.0,Amazon Renewed,Computers,performance,positive,very fast
1080,positive,5.0,Amazon Renewed,Computers,battery_life,positive,runs long enough
1080,positive,5.0,Amazon Renewed,Computers,screen_display,positive,touch screen is excellent
1080,positive,5.0,Amazon Renewed,Computers,build_quality,positive,built like a tank
1081,positive,5.0,,,performance,positive,worked perfectly
1081,positive,5.0,,,sound_audio,positive,fan noise is almost inaudible
1082,positive,5.0,Seagate,All Electronics,price_value,positive,bought mine at staples for 89 00
1082,positive,5.0,Seagate,All Electronics,performance,positive,it works fine i have had zero issues
1082,positive,5.0,Seagate,All Electronics,software_app,positive,the software starts to install automatically
1082,positive,5.0,Seagate,All Electronics,connectivity,positive,i can't imagine an installation being any easier
1082,positive,5.0,Seagate,All Electronics,connectivity,positive,i have 4 computers on my home wireless network
1083,positive,5.0,Rosewill,Computers,performance,positive,performing as expected
1083,positive,5.0,Rosewill,Computers,build_quality,positive,a phillips head screwdriver was enclosed
1083,positive,5.0,Rosewill,Computers,build_quality,negative,a tool is requir
1084,neutral,3.0,ASUS,All Electronics,connectivity,negative,not the 'amazing' increase
1085,negative,1.0,,,connectivity,negative,lost connectivity never was able to get it to work again
1085,negative,1.0,,,performance,negative,the mouse ended up buying a wireless usb mouse
1086,negative,2.0,Bitspower,Computers,build_quality,negative,the handle is fairly flimsy plastic
1086,negative,2.0,Bitspower,Computers,delivery,negative,i also had to buy two before i got one
1087,negative,2.0,,,design,positive,perfect length great price
1087,negative,2.0,,,price_value,positive,great price
1087,negative,2.0,,,build_quality,negative,needs some work in the area of durability
1088,positive,5.0,Fosmon,All Electronics,design,positive,wall plate was perfect
1089,negative,1.0,LG,Cell Phones & Accessories,connectivity,negative,won't pair drops you all the time
1089,negative,1.0,LG,Cell Phones & Accessories,performance,negative,they would stop playing
1089,negative,1.0,LG,Cell Phones & Accessories,price_value,negative,these thing aren't worth
1090,negative,2.0,,,design,negative,constantly slip out of my ear
1091,neutral,3.0,,,build_quality,positive,quality is good
1091,neutral,3.0,,,price_value,negative,it was too expensive
1091,neutral,3.0,,,design,negative,it's too big and heavy bulky
1092,neutral,3.0,Panasonic,Office Products,build_quality,negative,more durable durable headset
1093,positive,5.0,D-Link,All Electronics,performance,positive,136 apps on launch unit is much faster
1093,positive,5.0,D-Link,All Electronics,screen_display,positive,many shows are in 1080p
1093,positive,5.0,D-Link,All Electronics,design,positive,setup was a breeze
1094,negative,1.0,,,screen_display,negative,only supports 720p not 1080i
1094,negative,1.0,,,build_quality,negative,chinese made piece of junk
1095,negative,2.0,,,sound_audio,negative,sound that's about it quality isn't very good
1095,negative,2.0,,,connectivity,negative,the cords are so short
1096,neutral,3.0,,,price_value,positive,i wasn't about to pay 129 for a name brand keyboard
1096,neutral,3.0,,,battery_life,positive,supposedly the battery lasts for a long time
1097,neutral,3.0,,,sound_audio,positive,sound quality was great
1097,neutral,3.0,,,design,negative,top of the cups angled off my head
1097,neutral,3.0,,,connectivity,positive,had bluetooth
1098,neutral,3.0,,,delivery,negative,super slow delivery
1098,neutral,3.0,,,build_quality,negative,don't even have the little plastic storage case
1099,negative,2.0,Tiffen,Camera & Photo,price_value,negative,many of the effects included here can be obtained elsewhere usually for less
1099,negative,2.0,Tiffen,Camera & Photo,price_value,negative,forcing the user to purchase the full edition pass
1100,positive,5.0,,,sound_audio,positive,awesome sound shakes the house
1100,positive,5.0,,,sound_audio,negative,still can't wake my husband up though
1101,neutral,3.0,Rosewill,Computers,price_value,positive,inexpensive
1101,neutral,3.0,Rosewill,Computers,connectivity,positive,usb 3 0 ports
1101,neutral,3.0,Rosewill,Computers,design,negative,front fascia grill perforations
1101,neutral,3.0,Rosewill,Computers,build_quality,negative,intake air directed through small port
1102,neutral,3.0,,,build_quality,negative,dust and sand gets in there and dings up the ipod case
1103,neutral,3.0,,,performance,negative,it swallowed up a disc
1103,neutral,3.0,,,delivery,negative,your company only uses fedex
1104,neutral,3.0,,,performance,negative,didn't work like i wanted it to work
1105,negative,2.0,Etekcity,All Electronics,screen_display,negative,output is fixed at 720p which will sacrifice picture quality
1105,negative,2.0,Etekcity,All Electronics,delivery,negative,this information is not listed in the description
1106,negative,1.0,C2G,Home Audio & Theater,connectivity,negative,they should informed you that digital signal cannot be converted to analog because of that i wasted my money
1107,neutral,3.0,,,design,positive,nice looking device
1107,neutral,3.0,,,sound_audio,positive,sound quality is pretty good
1107,neutral,3.0,,,sound_audio,negative,can't for the life of me get it to work as a microphone
1108,positive,4.0,NETGEAR,Computers,connectivity,positive,good strong signal over two different frequencies
1109,neutral,3.0,,,performance,positive,setting up a shot and leveling it out
1109,neutral,3.0,,,design,positive,a normal tripod wouldn't have gotten me into a tight spot
1110,negative,1.0,SABRENT,All Electronics,software_app,negative,software does work
1110,negative,1.0,SABRENT,All Electronics,connectivity,negative,box won't work
1111,neutral,3.0,,,software_app,negative,right now it's useless to me
1112,positive,5.0,,,price_value,positive,well worth the price
1112,positive,5.0,,,sound_audio,positive,sound is great
1113,neutral,3.0,HP,Computers,price_value,negative,price was slightly over that
1113,neutral,3.0,HP,Computers,software_app,negative,only after i removed all of the bloatware
1113,neutral,3.0,HP,Computers,performance,positive,he's now able to do all of that
1114,neutral,3.0,UGREEN,,design,negative,very thin cable
1114,neutral,3.0,UGREEN,,performance,negative,solid thicker cable does the job
1115,positive,5.0,,,design,positive,i love the slot in the back to stand it up
1115,positive,5.0,,,delivery,positive,delivery was right on time
1116,positive,5.0,,,performance,positive,it worked perfect
1116,positive,5.0,,,price_value,positive,it was worth what i paid
1117,neutral,3.0,Amazon Renewed,All Electronics,sound_audio,positive,great portable speaker loud
1117,neutral,3.0,Amazon Renewed,All Electronics,battery_life,positive,great battery life
1117,neutral,3.0,Amazon Renewed,All Electronics,build_quality,negative,auxilary port it is not solid tight
1118,neutral,3.0,STEREN,Home Audio & Theater,connectivity,negative,don't know if it was the jack but i was not able to make it work
1119,neutral,3.0,Corsair,Computers,connectivity,negative,still only have one thunderbolt port
1119,neutral,3.0,Corsair,Computers,price_value,negative,a bit of a waste of cash it's a very expensive
1120,neutral,3.0,Vilros,Computers,build_quality,negative,device's back is scratch prone
1120,neutral,3.0,Vilros,Computers,design,positive,it could be used as a stand
1121,positive,5.0,,,camera,positive,use it in a car dvr security camera perfect
1122,negative,2.0,,,sound_audio,negative,sound is terrible and tinny
1123,neutral,3.0,,,battery_life,negative,battery life is about two hours
1123,neutral,3.0,,,design,positive,earbuds fit fine
1123,neutral,3.0,,,connectivity,negative,always jumps to full volume
1123,neutral,3.0,,,build_quality,negative,one ear stopped working
1124,neutral,3.0,,,performance,positive,they work
1124,neutral,3.0,,,build_quality,negative,they are a bit flimsy
1124,neutral,3.0,,,price_value,positive,the price is good
1125,neutral,3.0,SanDisk,,software_app,negative,not compatible with windows 10
1125,neutral,3.0,SanDisk,,customer_service,negative,amazon description should state upfront
1127,positive,5.0,,,sound_audio,positive,sound is quite good
1127,positive,5.0,,,performance,positive,this fits the bill
1128,negative,1.0,,,build_quality,negative,pins tend to bend super easily
1129,negative,1.0,,,delivery,negative,delivered broken
1129,negative,1.0,,,customer_service,negative,wasn't worth my time
1129,negative,1.0,,,build_quality,negative,cheaply built
1129,negative,1.0,,,price_value,negative,waste of money
1130,positive,5.0,,,price_value,positive,price where else can you buy a 32gb sd card for under 20
1131,negative,2.0,,,build_quality,negative,monitor too heavy for screw
1131,negative,2.0,,,build_quality,neutral,switching screws didn't help much
1131,negative,2.0,,,build_quality,positive,overall construction is good
1131,negative,2.0,,,design,positive,arm is nice and strong
1132,negative,1.0,SanDisk,,connectivity,negative,neither of my windows 8 laptops will see this drive in the usb 3 0 port
1133,positive,5.0,,,sound_audio,positive,i really like these headphones
1134,negative,1.0,MegaGear,Camera & Photo,build_quality,negative,very soft cheap plastic
1134,negative,1.0,MegaGear,Camera & Photo,design,negative,some very fine scratches in the middle and a small bubble on the side
1135,negative,2.0,HTC,Cell Phones & Accessories,build_quality,negative,entire end of the earpiece came apart disconnecting the wire
1135,negative,2.0,HTC,Cell Phones & Accessories,customer_service,positive,got excellent immediate response
1136,neutral,3.0,,,performance,negative,not good for 4k 60
1138,positive,5.0,,,design,positive,perfect size weight
1138,positive,5.0,,,design,positive,color is lovely
1138,positive,5.0,,,build_quality,positive,very soft absorbent
1139,negative,1.0,Smatree,Camera & Photo,build_quality,negative,doesn't fit well and is very uncomfortable
1139,negative,1.0,Smatree,Camera & Photo,camera,negative,the camera is aimed at the ground
1140,positive,5.0,Case Logic,All Electronics,design,positive,muy bonito y til bolso para laptop pequea prctico cmodo
1140,positive,5.0,Case Logic,All Electronics,build_quality,positive,de buena calidad en perfectas condiciones
1140,positive,5.0,Case Logic,All Electronics,customer_service,positive,vendedor responsable
1141,positive,5.0,Pix Star,Camera & Photo,build_quality,positive,the unit is solid and well made
1141,positive,5.0,Pix Star,Camera & Photo,screen_display,positive,the picture quality is very good
1141,positive,5.0,Pix Star,Camera & Photo,connectivity,positive,it is not tethered to a computer
1142,neutral,3.0,,,price_value,positive,at an affordable price
1142,neutral,3.0,,,price_value,positive,you get what you pay for
1142,neutral,3.0,,,camera,negative,optics are a little iffy
1142,neutral,3.0,,,camera,negative,image stabilization would be a plus
1142,neutral,3.0,,,camera,positive,not one to complain about its optical performance
1142,neutral,3.0,,,camera,neutral,hand held shakiness
1143,positive,5.0,PHILIPS,All Electronics,screen_display,positive,the screen is crisp and vibrant
1144,negative,1.0,Logitech,Home Audio & Theater,performance,positive,worked as advertised for 3 months
1144,negative,1.0,Logitech,Home Audio & Theater,performance,negative,then nothing
1145,neutral,3.0,,,price_value,positive,great fan for its price
1145,neutral,3.0,,,build_quality,negative,the amount of room between the backplate and the cooling plate is not an ample amount
1147,negative,2.0,,,connectivity,negative,firmware lacks blocking to specific computers
1148,positive,5.0,Monoprice,Computers,build_quality,neutral,build had ssd hd and dvd drives case
1148,positive,5.0,Monoprice,Computers,delivery,positive,came as promised
1148,positive,5.0,Monoprice,Computers,design,positive,i like the color
1149,neutral,3.0,,,sound_audio,positive,good sound
1149,neutral,3.0,,,build_quality,negative,ear pads keep falling off
1149,neutral,3.0,,,price_value,negative,expected much better from sennheiser for the price
1149,neutral,3.0,,,design,neutral,fairly comfortable but not super comfortable
1150,neutral,3.0,Kamor,Computers,design,negative,did not fit my 10
1150,neutral,3.0,Kamor,Computers,design,positive,i love having the keyboard
1151,positive,5.0,Uniden,Computers,build_quality,positive,well made
1151,positive,5.0,Uniden,Computers,price_value,positive,worth what i paid
1152,neutral,3.0,,,connectivity,negative,not with the dock reliably anyhow
1153,positive,5.0,Amazon Basics,Home Audio & Theater,screen_display,positive,excellent length
1153,positive,5.0,Amazon Basics,Home Audio & Theater,price_value,positive,terrific price
1153,positive,5.0,Amazon Basics,Home Audio & Theater,build_quality,negative,cabling is very thick and not as easily pliable
1154,positive,4.0,Kensington,Computers,sound_audio,positive,keys are as quiet as any
1154,positive,4.0,Kensington,Computers,sound_audio,positive,without the spongy feel or stickiness
1154,positive,4.0,Kensington,Computers,design,positive,keys are full size and full height
1154,positive,4.0,Kensington,Computers,build_quality,negative,web media buttons are small and oddly placed
1155,neutral,3.0,,,build_quality,negative,not having a replaceable tip
1155,neutral,3.0,,,build_quality,negative,cheap split ring
1156,positive,5.0,Sony,Home Audio & Theater,price_value,positive,only cost 15
1156,positive,5.0,Sony,Home Audio & Theater,design,positive,easy to use
1156,positive,5.0,Sony,Home Audio & Theater,sound_audio,negative,it does not sound great
1157,neutral,3.0,,,connectivity,negative,would not receive the lo vhs frequency
1157,neutral,3.0,,,customer_service,positive,their very helpful technical support
1158,neutral,3.0,,,battery_life,negative,eats batteries fast really fast
1158,neutral,3.0,,,performance,positive,the product works great
1159,negative,1.0,Jaybird,All Electronics,design,negative,much smaller and lighter
1159,negative,1.0,Jaybird,All Electronics,build_quality,negative,feels a bit flimsy and difficult to hold
1160,positive,5.0,DiMeCard,Amazon Home,delivery,positive,arrived quickly
1160,positive,5.0,DiMeCard,Amazon Home,build_quality,positive,in perfect condition
1161,neutral,3.0,Monster,Home Audio & Theater,sound_audio,negative,the sound is small and sort of tinny
1162,neutral,3.0,,,design,negative,stylus tip responds poorly when angled
1163,neutral,3.0,ViewTV,All Electronics,performance,negative,tuner is not very sensitive
1163,neutral,3.0,ViewTV,All Electronics,screen_display,positive,video is high quality
1164,negative,1.0,,,connectivity,negative,the product would not connect my blu ray player
1165,positive,5.0,,,price_value,positive,got this camera for 150 with free shipping
1165,positive,5.0,,,delivery,positive,free shipping from amazon
1165,positive,5.0,,,camera,positive,70x is ridiculous
1165,positive,5.0,,,performance,positive,takes still shots pretty well
1166,negative,1.0,,,build_quality,negative,unimaginably bad build quality
1166,negative,1.0,,,customer_service,negative,warranty claim has been denied
1166,negative,1.0,,,sound_audio,negative,Velodyne Audio
1167,neutral,3.0,akey,GPS & Navigation,build_quality,negative,snapped in half already
1167,neutral,3.0,akey,GPS & Navigation,design,negative,won't stay stuck to window
1168,positive,5.0,,,camera,positive,love these pix
1168,positive,5.0,,,screen_display,positive,filled with vibrant colors
1169,positive,5.0,Mediabridge,All Electronics,design,positive,it is nice
1169,positive,5.0,Mediabridge,All Electronics,performance,positive,works as it should
1170,neutral,3.0,,,connectivity,negative,i have to initiate the call before i turn on the unit
1171,neutral,3.0,,,sound_audio,negative,issues with static
1172,neutral,3.0,,,build_quality,positive,good and tough product
1172,neutral,3.0,,,delivery,negative,description of 5 feet is wrong
1173,neutral,3.0,ChargeTech,Cell Phones & Accessories,performance,negative,this thing gets really hot
1173,neutral,3.0,ChargeTech,Cell Phones & Accessories,build_quality,negative,usb ports always being lit up
1174,neutral,3.0,eVogue stereo,Cell Phones & Accessories,sound_audio,negative,terrible echo and the voice was choppy
1174,neutral,3.0,eVogue stereo,Cell Phones & Accessories,performance,negative,it did not work as is
1175,negative,1.0,VIZIO,All Electronics,sound_audio,negative,main speaker is too bulky
1175,negative,1.0,VIZIO,All Electronics,sound_audio,positive,got the bose cinemate 15 instead
1176,positive,5.0,ArmorSuit,Computers,screen_display,positive,no noticeable distortion in the screen image
1177,positive,5.0,,,design,positive,these little outlets really come in handy
1177,positive,5.0,,,build_quality,positive,operate normally without issue
1177,positive,5.0,,,design,positive,gain more outlets and some protection
1178,neutral,3.0,,,performance,positive,work just like they are suppose to
1178,neutral,3.0,,,price_value,negative,for a couple of dollars more you can find better quality
1179,neutral,3.0,Nikon,Camera & Photo,battery_life,positive,this is a good reliable battery
1179,neutral,3.0,Nikon,Camera & Photo,price_value,negative,it is expensive
1179,neutral,3.0,Nikon,Camera & Photo,price_value,negative,the price that seem to work just as well
1181,positive,5.0,axiom,All Electronics,price_value,positive,less than half of what radio shack wanted for one
1182,negative,2.0,Lexar,All Electronics,performance,negative,they fail within a year or two
1183,neutral,3.0,ClickSnap,Camera & Photo,build_quality,positive,mounted securely to my painter's pole
1183,neutral,3.0,ClickSnap,Camera & Photo,build_quality,negative,it would turn within the main unit
1184,negative,1.0,Olympus,Camera & Photo,camera,negative,does not cover the camera easily
1184,negative,1.0,Olympus,Camera & Photo,build_quality,negative,not an opening to put the carrying strap
1184,negative,1.0,Olympus,Camera & Photo,price_value,negative,i found it of no use
1185,negative,1.0,,,connectivity,negative,doesn't work at least not from a Mac Pro tower's DVI to a new LG monitor
1186,neutral,3.0,Wacom,Computers,connectivity,negative,questionable success of this touch pad
1186,neutral,3.0,Wacom,Computers,performance,negative,sometimes it was really jumpy
1187,positive,5.0,,,battery_life,positive,great battery life
1187,positive,5.0,,,screen_display,positive,different light settings
1187,positive,5.0,,,sound_audio,positive,Excellent sound quality
1187,positive,5.0,,,connectivity,positive,easy to hook up to Bluetooth
1187,positive,5.0,,,connectivity,positive,charges seamlessly with USB charger
1187,positive,5.0,,,design,positive,perfect size
1188,positive,4.0,Wacom,Computers,design,negative,button placement on the top is weird
1188,positive,4.0,Wacom,Computers,software_app,negative,mapping the buttons to certain keyboard commands seems impossible
1189,positive,5.0,,,sound_audio,positive,sound is great
1189,positive,5.0,,,design,positive,remote is helpful
1189,positive,5.0,,,build_quality,negative,it's sometimes hard to tell
1189,positive,5.0,,,connectivity,positive,bluetooth works great
1190,negative,1.0,lyr,Home Audio & Theater,design,negative,not well designed
1191,negative,1.0,,,design,positive,beautifully designed
1191,negative,1.0,,,sound_audio,positive,sound quality excellent
1191,negative,1.0,,,performance,negative,erratic delay in the audio
1191,negative,1.0,,,customer_service,negative,amazon's generous return policy
1192,negative,1.0,Sony,All Electronics,performance,negative,does not stream netflix without constant buffering
1193,neutral,3.0,,,screen_display,negative,i could not get the black from blending into other black
1194,negative,1.0,,,performance,negative,just stopped working after about 14 months
1194,negative,1.0,,,connectivity,negative,no longer works on the outlets
1195,positive,5.0,,,design,positive,colors are bright and extra tips are a bonus
1195,positive,5.0,,,build_quality,positive,these make it simple and extraordinarily easy
1196,positive,5.0,SABRENT,Computers,connectivity,positive,works great
1197,negative,2.0,,,build_quality,negative,feels uncomfortable
1197,negative,2.0,,,performance,negative,lacks precision
1197,negative,2.0,,,delivery,positive,return was handled excellently
1198,positive,5.0,Dazzle Multimedia,All Electronics,performance,negative,quality isn't as good as a professional encoder
1198,positive,5.0,Dazzle Multimedia,All Electronics,price_value,positive,costs about a tenth of the price
1198,positive,5.0,Dazzle Multimedia,All Electronics,connectivity,positive,USB version of the dazzle dm4100
1199,negative,2.0,SANOXY,Computers,build_quality,positive,good quality case very nice shape and light weight
1199,negative,2.0,SANOXY,Computers,performance,negative,built in keyboard just stopped working
1200,neutral,3.0,Esky,All Electronics,price_value,negative,it might be a little over priced
1200,neutral,3.0,Esky,All Electronics,screen_display,neutral,image quality is acceptable at best
1200,neutral,3.0,Esky,All Electronics,build_quality,negative,built in guidance lines that can't be turned off
1201,neutral,3.0,,,software_app,negative,update program is a piece of junk
1201,neutral,3.0,,,performance,negative,GPS works most of the time but sometimes gets into a mood
1202,negative,1.0,Garmin,GPS & Navigation,performance,negative,GPS is inaccurate and recalculates constantly
1204,negative,2.0,Escort,Cell Phones & Accessories,performance,negative,worked briefly then stopped
1204,negative,2.0,Escort,Cell Phones & Accessories,performance,positive,bought a much lower priced cobra works great
1206,negative,1.0,,,delivery,negative,the power cord is one of a kind and only made for this system
1206,negative,1.0,,,connectivity,negative,i am out a power cord and a working ipod player
1206,negative,1.0,,,price_value,negative,i am out money
1207,positive,5.0,Copeaky,Amazon Devices,design,positive,circumference is the size of a normal pen pencil
1207,positive,5.0,Copeaky,Amazon Devices,design,positive,longer than a pogo about the length of a sharpie marker
1208,neutral,3.0,GSAstore,Computers,connectivity,negative,not bluetooth was really looking for
1209,positive,5.0,,,build_quality,positive,quite roomy
1209,positive,5.0,,,camera,positive,places for camera body two three lenses and a flash unit
1210,positive,5.0,D-Link,Computers,connectivity,positive,i just plugged it in all devices worked perfectly
1211,positive,4.0,,,build_quality,negative,the piece behind my ear doesn't fit well
1211,positive,4.0,,,sound_audio,positive,the sound is good
1211,positive,4.0,,,battery_life,negative,does not stay charged long maybe lasted a couple hours
1212,negative,2.0,,,screen_display,negative,screen shattered
1213,positive,5.0,,,camera,positive,it is a very good camera
1213,positive,5.0,,,delivery,neutral,when it arrive on the first
1214,positive,5.0,,,price_value,positive,great value for small objects
1214,positive,5.0,,,performance,positive,works better with wide angle lens
1215,neutral,3.0,eMagin,All Electronics,price_value,negative,this unit is definitely way overpriced
1215,neutral,3.0,eMagin,All Electronics,price_value,negative,much better vr goggles vuzix available for way less money
1216,negative,1.0,,,price_value,negative,low price
1216,negative,1.0,,,build_quality,negative,paint comes off
1216,negative,1.0,,,design,negative,ink pen part fails
1216,negative,1.0,,,performance,neutral,marginally ok
1217,positive,5.0,,,sound_audio,positive,split the signal to two separate stereo channels
1218,negative,2.0,,,price_value,positive,they're not bad
1218,negative,2.0,,,battery_life,positive,it is pretty good with battery life
1220,neutral,3.0,FLIR,Camera & Photo,camera,positive,camera gives a good clear picture
1220,neutral,3.0,FLIR,Camera & Photo,software_app,negative,app that comes with it is hard to check to see what's going on
1220,neutral,3.0,FLIR,Camera & Photo,software_app,negative,frequent notifications that the camera is offline
1221,negative,1.0,,,battery_life,positive,lasted exactly 3 months
1221,negative,1.0,,,build_quality,negative,cord sorted out at the magnetic connector
1222,neutral,3.0,,,build_quality,negative,does not have very good attachment
1222,neutral,3.0,,,performance,negative,this filter was keep falling it from the monitor screen
1223,negative,2.0,SAMSUNG,All Electronics,delivery,negative,it was delivered to me with lots of damages
1224,negative,1.0,,,price_value,negative,horribly cheap product
1224,negative,1.0,,,performance,negative,this product caused so many issues
1225,negative,2.0,Impact,Camera & Photo,build_quality,negative,lightweight stand but it proved to be too unstable
1225,negative,2.0,Impact,Camera & Photo,build_quality,positive,quality is good
1225,negative,2.0,Impact,Camera & Photo,design,positive,design is clever
1226,negative,2.0,PIONEER,Car Electronics,design,negative,looks very basic and primitive
1226,negative,2.0,PIONEER,Car Electronics,connectivity,negative,annoying cable connection for android auto
1228,neutral,3.0,GW Security,Camera & Photo,camera,negative,h 264 only not 265 probably says that somewhere in the product description
1228,neutral,3.0,GW Security,Camera & Photo,connectivity,neutral,factory default ip addre
1229,positive,5.0,Turtle Beach,Video Games,connectivity,negative,numerous presets bluetooth etc takes a little time to setup
1229,positive,5.0,Turtle Beach,Video Games,price_value,negative,i think they're overpriced
1230,neutral,3.0,,,sound_audio,negative,sound quality was muddy and not as loud
1230,neutral,3.0,,,price_value,negative,cheaper and smaller ayl speakers are louder
1230,neutral,3.0,,,build_quality,positive,product construction seemed really solid
1231,negative,1.0,iRULU,All Electronics,screen_display,negative,display is not very good
1232,neutral,3.0,,Computers,build_quality,negative,headphone mic plugs fall out way too easily already lost one
1232,neutral,3.0,,Computers,price_value,negative,they're cheap and overpriced at 7
1233,negative,1.0,Sanus,All Electronics,performance,negative,the mount could not hold the weight of the tv
1234,neutral,3.0,,,design,positive,compact inexpensive radio
1234,neutral,3.0,,,price_value,positive,inexpensive radio
1235,neutral,3.0,GMYLE,Computers,performance,positive,works for what we needed
1235,neutral,3.0,GMYLE,Computers,build_quality,negative,cheaply made
1235,neutral,3.0,GMYLE,Computers,price_value,positive,price is right
1235,neutral,3.0,GMYLE,Computers,design,positive,adds a little flair
1236,positive,4.0,,,sound_audio,positive,nice sound quality and great bass
1236,positive,4.0,,,price_value,positive,good for the price
1236,positive,4.0,,,build_quality,positive,great way to cover your ears
1236,positive,4.0,,,performance,positive,works great in snow
1236,positive,4.0,,,sound_audio,positive,cancels outside noise
1236,positive,4.0,,,design,positive,trendy color
1238,neutral,3.0,RiteAV,,build_quality,negative,non standard colored wiring and apparently no twists
1238,neutral,3.0,RiteAV,,connectivity,positive,connected from a roku box to my wireless router
1240,negative,2.0,Amazon Renewed,Computers,performance,negative,starts to run sluggish and slow
1240,negative,2.0,Amazon Renewed,Computers,software_app,negative,window 10 become unresponsive multiple times
1241,positive,5.0,Magic-T,Cell Phones & Accessories,price_value,positive,great for the price
1241,positive,5.0,Magic-T,Cell Phones & Accessories,price_value,positive,good price
1241,positive,5.0,Magic-T,Cell Phones & Accessories,build_quality,positive,seem very sturdy
1241,positive,5.0,Magic-T,Cell Phones & Accessories,design,positive,more tangle free than the other type
1241,positive,5.0,Magic-T,Cell Phones & Accessories,design,positive,easy to handle
1242,neutral,3.0,,,sound_audio,positive,extremely quiet
1242,neutral,3.0,,,performance,negative,extremely weak
1242,neutral,3.0,,,price_value,positive,more bang for the buck
1243,negative,1.0,I-SMILE,Sports & Outdoors,design,negative,they look like the original bands except the hole is a bit smaller
1243,negative,1.0,I-SMILE,Sports & Outdoors,build_quality,negative,they all broke within 2 weeks they all snapped
1244,negative,1.0,Antennas Direct,Home Audio & Theater,build_quality,negative,flimsy nature of the materials
1245,positive,5.0,NETGEAR,Computers,connectivity,negative,wifi repeater to try to bridge the gap
1246,positive,4.0,,,connectivity,negative,it does not come with the adapter for the vga connection
1246,positive,4.0,,,delivery,negative,nowhere on the site or description does it indicate that this adapter is necessary
1247,positive,4.0,SF Cable,All Electronics,price_value,negative,it's a bit pricey
1248,negative,1.0,ENHANCE,Computers,screen_display,negative,LED's fail after just a few months
1248,negative,1.0,ENHANCE,Computers,screen_display,negative,they actually fade to the point
1249,positive,4.0,,,performance,negative,got stuck the first time i used it
1249,positive,4.0,,,build_quality,positive,second one was much better
1249,positive,4.0,,,delivery,positive,they had to send me a replacement
1251,negative,2.0,,,connectivity,negative,their are about 8 privet open repeaters
1251,negative,2.0,,,performance,positive,when i go off the hill it work like crazzy
1253,negative,1.0,Elsse,All Electronics,delivery,negative,not as advertised didn't fit 7th gen
1253,negative,1.0,Elsse,All Electronics,design,negative,looks like it was made for a different product
1254,negative,1.0,Garmin,Cell Phones & Accessories,price_value,negative,i spent 700 on a notebook computer
1254,negative,1.0,Garmin,Cell Phones & Accessories,performance,negative,as many problems as i have
1254,negative,1.0,Garmin,Cell Phones & Accessories,build_quality,negative,my last it's a royal pain
1254,negative,1.0,Garmin,Cell Phones & Accessories,customer_service,negative,deal with 1st the speed cadence sensors
1255,negative,1.0,Keys-U-See,Computers,build_quality,negative,letters are applied as decals presumably to a cheap keyboard
1255,negative,1.0,Keys-U-See,Computers,sound_audio,negative,key touch is cheap very noisy
1255,negative,1.0,Keys-U-See,Computers,connectivity,negative,attached cable too short to reach
1255,negative,1.0,Keys-U-See,Computers,performance,negative,long travel not a good choice for a touch typist
1256,positive,5.0,,,price_value,positive,inexpensive gigabit switch
1257,positive,5.0,Marware,Amazon Devices,connectivity,positive,amazon offered either a wi fi or a 3g version
1257,positive,5.0,Marware,Amazon Devices,price_value,positive,great value
1257,positive,5.0,Marware,Amazon Devices,delivery,positive,get my son one for christmas
1258,neutral,3.0,,,design,negative,they did not fit my ears very well
1259,negative,2.0,,,connectivity,negative,i'd not be able to get my wireless components to work
1260,neutral,3.0,,,delivery,positive,the product was as described and arrived on time
1260,neutral,3.0,,,build_quality,negative,it kinks like crazy and the wire will break
1261,negative,2.0,,,design,positive,the old school trapper keeper look
1261,negative,2.0,,,build_quality,positive,very protective
1261,negative,2.0,,,build_quality,negative,big and clunky
1262,neutral,3.0,Acer,Computers,design,positive,might be just the monitor for you
1262,neutral,3.0,Acer,Computers,build_quality,negative,they seemed to take over my desk
1262,neutral,3.0,Acer,Computers,performance,positive,works great with games
1262,neutral,3.0,Acer,Computers,screen_display,positive,gives you more screen space while working
1262,neutral,3.0,Acer,Computers,design,negative,curved display is just a gimmick to me
1262,neutral,3.0,Acer,Computers,price_value,negative,the price is pretty steep
1262,neutral,3.0,Acer,Computers,price_value,negative,i think dual monitors might be a better choice
1262,neutral,3.0,Acer,Computers,screen_display,negative,i'd get 30 16x9 aspect ratio display
1263,positive,5.0,,,price_value,positive,worthy product for the price difference
1263,positive,5.0,,,camera,negative,21 mpix doesn't add as much as quality lenses
1263,positive,5.0,,,performance,positive,functionality of the 7d is in many ways nicer
1264,negative,2.0,,,performance,negative,this card reader is 16 bit not 32 bit
1264,negative,2.0,,,performance,negative,transfers files very slowly at 1mb per second
1265,positive,5.0,FITUEYES,All Electronics,build_quality,positive,it is very sturdy
1266,positive,5.0,Wasabi Power,Camera & Photo,performance,positive,they work perfectly
1266,positive,5.0,Wasabi Power,Camera & Photo,camera,neutral,they give you about 90 of the quantity
1266,positive,5.0,Wasabi Power,Camera & Photo,connectivity,positive,charge using the olympus factory charger
1267,positive,4.0,,,build_quality,negative,got stuck in a slot that none of my other cards did
1268,neutral,3.0,,,build_quality,negative,fans tend to run hot
1269,negative,1.0,SanDisk,Computers,performance,negative,flash drive was not compatible with ios 10
1269,negative,1.0,SanDisk,Computers,delivery,negative,no responses except to email copies of my previous emails
1269,negative,1.0,SanDisk,Computers,customer_service,negative,contacted sandisk they sent a rma for return
1270,negative,1.0,Tendak,Computers,connectivity,negative,does not work for vga cards
1270,negative,1.0,Tendak,Computers,performance,negative,that didn't support the right drivers
1270,negative,1.0,Tendak,Computers,screen_display,negative,still can't play video games
1271,neutral,3.0,Evoluent,Computers,performance,negative,mouse clicks which seldom register on the first click and the pointer sensitivity
1271,neutral,3.0,Evoluent,Computers,build_quality,negative,the rather enormous size of the mouse
1271,neutral,3.0,Evoluent,Computers,design,negative,a dedicated slot to store the usb receiver rather than store it in the battery compartment
1272,neutral,3.0,Panasonic,All Electronics,connectivity,negative,does not have any tuners limiting its usefulness
1272,neutral,3.0,Panasonic,All Electronics,performance,positive,this would be ok
1274,negative,1.0,PE,Cell Phones & Accessories,build_quality,negative,the screen protector came of not sticking well
1274,negative,1.0,PE,Cell Phones & Accessories,screen_display,negative,not working good
1274,negative,1.0,PE,Cell Phones & Accessories,price_value,negative,very cheap product
1275,negative,1.0,,,screen_display,positive,optics were clear
1275,negative,1.0,,,build_quality,negative,they literally fell apart
1275,negative,1.0,,,performance,negative,i actually took them apart
1276,positive,4.0,Logitech,All Electronics,connectivity,negative,my unit kept getting disconnected
1277,positive,5.0,,,design,positive,12 7mm laptop bay
1278,neutral,3.0,PWR+,Computers,connectivity,positive,twist the connector to have a good connection
1279,negative,2.0,Amcrest,Camera & Photo,design,negative,instructions that ship with the system
1279,negative,2.0,Amcrest,Camera & Photo,software_app,negative,phone app is not working yet
1280,neutral,3.0,,,build_quality,negative,too shiny on the outside
1281,positive,5.0,3M,Office Products,screen_display,positive,laptop display next to my 23 display
1282,positive,5.0,,,design,positive,love this item
1282,positive,5.0,,,price_value,positive,glad i finally got one
1283,negative,2.0,,,delivery,positive,gives you perspective of what to expect
1283,negative,2.0,,,screen_display,negative,resolution is absolutely inadequate
1283,negative,2.0,,,screen_display,negative,very little detail in smaller objects
1283,negative,2.0,,,screen_display,negative,3d videos look like they're 20 y o
1283,negative,2.0,,,screen_display,negative,240p youtube videos nothing really looks any good
1283,negative,2.0,,,build_quality,negative,screendoor effect is horrendous
1284,negative,1.0,PROSCAN,Home Audio & Theater,sound_audio,negative,the cd played
1284,negative,1.0,PROSCAN,Home Audio & Theater,delivery,negative,won't even open to late to return
1285,neutral,3.0,,,build_quality,positive,my right shoulder is relaxed when using the product
1285,neutral,3.0,,,software_app,negative,there is no way to scroll down or up any window
1285,neutral,3.0,,,performance,neutral,it is okay for gaming
1286,positive,5.0,XFX,All Electronics,performance,positive,i did a ton of research on single slot video cards i needed a single slot card because i have a tv card right below the pcie slot where the video card goes this was the best one i found
1286,positive,5.0,XFX,All Electronics,design,positive,this was the best one i found upon buying this card i read that it is recommended that yo
1287,neutral,3.0,,,design,positive,the lights are a nice plus especially in a darkened room
1287,neutral,3.0,,,design,negative,i am a little disappointed that the lights do not flash or pulse
1288,neutral,3.0,AKG,Home Audio & Theater,sound_audio,negative,lack the ability to fully resolve the music
1288,neutral,3.0,AKG,Home Audio & Theater,design,negative,physically the 550's are huge they are a true full sized headphone
1289,positive,4.0,ARRIS,All Electronics,software_app,negative,i wish it was a little more intuitive to configure
1290,neutral,3.0,Group Vertical,Cell Phones & Accessories,performance,negative,it charges intermittently
1290,neutral,3.0,Group Vertical,Cell Phones & Accessories,build_quality,negative,the end that you attach to devices starts to break
1290,neutral,3.0,Group Vertical,Cell Phones & Accessories,design,positive,its long and that is good
1290,neutral,3.0,Group Vertical,Cell Phones & Accessories,price_value,negative,other than that its a waste
1292,positive,5.0,,,performance,positive,performed well and exceeded my expectations
1292,positive,5.0,,,build_quality,positive,used two fans connected in a push pull air flow concept
1292,positive,5.0,,,design,positive,used four fans in push pull operation on one cooler
1294,positive,5.0,,,performance,positive,this is the best flash drive i've worked with yet
1294,positive,5.0,,,connectivity,positive,connects directly to the usb in my mp3 in dash player
1295,positive,5.0,,,connectivity,positive,LAN speed was able to obtain 650mbps
1295,positive,5.0,,,price_value,positive,what a bargain to get it here
1296,negative,2.0,Clarion,Car Electronics,price_value,negative,for the price it is not worth
1296,negative,2.0,Clarion,Car Electronics,screen_display,negative,the interface sucks
1296,negative,2.0,Clarion,Car Electronics,performance,negative,it is unreliable
1297,positive,4.0,SAMSUNG,Computers,price_value,negative,this is a premium laptop and it certainly costs as much
1297,positive,4.0,SAMSUNG,Computers,battery_life,positive,the battery life is great almost 8 hours
1299,positive,5.0,Sony,Home Audio & Theater,sound_audio,positive,sound if you love a deep bass these are for you
1299,positive,5.0,Sony,Home Audio & Theater,sound_audio,positive,bass vibrations and thumps which i love
1299,positive,5.0,Sony,Home Audio & Theater,sound_audio,positive,the sound of the headphones is clear and crisp
1300,negative,1.0,,,screen_display,negative,no screen rotate
1301,negative,1.0,,,performance,negative,they do not work together
1302,negative,1.0,,,sound_audio,negative,stereo isn't functional at all
1302,negative,1.0,,,battery_life,negative,stereo remained on with nothing draining battery
1302,negative,1.0,,,screen_display,negative,nothing on the display just draining my battery
1302,negative,1.0,,,customer_service,negative,terrible job backing your pr
1303,positive,5.0,,,build_quality,positive,drop it and nothing happened to the ipad
1304,negative,1.0,,,price_value,negative,35gb is way too small for a hard drive
1304,negative,1.0,,,design,negative,very bad design
1305,neutral,3.0,INSTEN,Cell Phones & Accessories,build_quality,negative,plastic tools are practically useless
1305,neutral,3.0,INSTEN,Cell Phones & Accessories,battery_life,positive,the battery itself gave fantastic new life
1306,positive,4.0,Garmin,Home Audio & Theater,performance,positive,ability to pick up the satellites in enclosed areas even parking garages
1306,positive,4.0,Garmin,Home Audio & Theater,screen_display,negative,annoying tendancy to zoom out unexpectedly
1306,positive,4.0,Garmin,Home Audio & Theater,screen_display,negative,wish the data screen would display your speed more prominently
1307,neutral,3.0,Underground Toys,Computers,design,positive,what is in my opinion a more impotant facet the aesthetics
1308,positive,5.0,JVC,Car Electronics,sound_audio,positive,extremely crisp and loud speakers
1308,positive,5.0,JVC,Car Electronics,sound_audio,positive,great bass
1309,positive,4.0,,,build_quality,positive,has lasted a long time
1311,negative,2.0,SAMSUNG,All Electronics,delivery,positive,amazon tv delivery is very well done
1311,negative,2.0,SAMSUNG,All Electronics,screen_display,positive,amazing picture
1311,negative,2.0,SAMSUNG,All Electronics,screen_display,negative,screen began exhibiting image retention problems
1311,negative,2.0,SAMSUNG,All Electronics,customer_service,neutral,if i call up the cable guide
1312,neutral,3.0,PTC,All Electronics,delivery,positive,arrived in good shape
1312,neutral,3.0,PTC,All Electronics,sound_audio,negative,audio did not the seller promptly agreed
1312,neutral,3.0,PTC,All Electronics,customer_service,positive,seller promptly agreed to send a replacement
1312,neutral,3.0,PTC,All Electronics,price_value,positive,paid 2 28 with free shipping compared to a 20 cable
1313,negative,2.0,Lorex,Camera & Photo,camera,negative,that's not an option on this model
1314,negative,2.0,Amazon Renewed,Cell Phones & Accessories,design,positive,lifetime map updates and the size
1314,negative,2.0,Amazon Renewed,Cell Phones & Accessories,performance,negative,functionality of the unit
1315,negative,2.0,SMS Audio,Home Audio & Theater,connectivity,negative,dongle 3.5 mm gold plated plug
1315,negative,2.0,SMS Audio,Home Audio & Theater,price_value,negative,120 cheaper
1316,positive,5.0,Linksys,Computers,connectivity,positive,fixed that completely no more signal reception problems
1317,negative,1.0,,,battery_life,negative,the battery had swollen in side the camera
1318,negative,1.0,Audiovox,Home Audio & Theater,performance,negative,does not work as advertised
1318,negative,1.0,Audiovox,Home Audio & Theater,delivery,negative,would have been good to know the limitations
1319,neutral,3.0,Adorama,Camera & Photo,sound_audio,positive,has allowed me to attach a shotgun mic
1320,negative,1.0,Western Digital,All Electronics,screen_display,negative,can't read the thing now
1320,negative,1.0,Western Digital,All Electronics,performance,negative,when it fails don't blame me if you lose precious data
1321,negative,1.0,iMicro,All Electronics,build_quality,negative,one side doesn't work
1322,negative,2.0,Lenovo,Computers,build_quality,negative,middle button is much easier to press from center
1323,positive,5.0,Kanto,Home Audio & Theater,build_quality,negative,swivel points to be too stiff
1323,positive,5.0,Kanto,Home Audio & Theater,build_quality,positive,very solid
1323,positive,5.0,Kanto,Home Audio & Theater,build_quality,positive,still solid
1323,positive,5.0,Kanto,Home Audio & Theater,design,positive,easier to use than most
1324,neutral,3.0,,,build_quality,neutral,medium quality for amateur use
1326,negative,2.0,,,sound_audio,negative,not good for use in noisy environments
1327,neutral,3.0,j5create,Computers,connectivity,negative,Teleport for years and was constantly frustrated
1327,neutral,3.0,j5create,Computers,price_value,negative,leery of buying the Wormhole Switch because well i hate spending money
1327,neutral,3.0,j5create,Computers,performance,positive,the product works very well
1327,neutral,3.0,j5create,Computers,connectivity,positive,control all three screens
1328,neutral,3.0,TP-Link,Computers,connectivity,positive,no device signal loss
1329,neutral,3.0,,,performance,negative,green indicator light did its job today
1329,neutral,3.0,,,build_quality,positive,this power supply is well made
1330,negative,2.0,Amazon Renewed,All Electronics,build_quality,negative,the remote hundreds of times and it finally broke
1330,negative,2.0,Amazon Renewed,All Electronics,performance,negative,the back no longer stays on it also seems to glitch
1331,negative,1.0,,,connectivity,negative,doesn't work with Overdrive audiobooks
1331,negative,1.0,,,design,negative,this thing is huge
1332,negative,1.0,,,connectivity,negative,strange unit wasnt able to plug it without moving the plate
1333,negative,1.0,Garmin,Home Audio & Theater,build_quality,negative,they build them to last during the warranty and die
1333,negative,1.0,Garmin,Home Audio & Theater,performance,negative,they work great at first but then begin to give problems
1333,negative,1.0,Garmin,Home Audio & Theater,delivery,negative,they will send you a refurbished one
1333,negative,1.0,Garmin,Home Audio & Theater,customer_service,negative,they will send you a refurbished one with problems
1334,negative,1.0,EastVita,All Electronics,software_app,negative,didn't come with any software to install it
1334,negative,1.0,EastVita,All Electronics,price_value,negative,don't waste your money
1335,neutral,3.0,Bluboon,Amazon Home,connectivity,negative,plugged in to a standard outlet
1336,neutral,3.0,iDeaUSA,Cell Phones & Accessories,price_value,positive,good for the price
1336,neutral,3.0,iDeaUSA,Cell Phones & Accessories,battery_life,negative,battery life seems to dwindle quickly
1337,negative,1.0,TRENDnet,All Electronics,connectivity,negative,El Capitan breaks the driver app
1337,negative,1.0,TRENDnet,All Electronics,build_quality,negative,disabling a security measure
1337,negative,1.0,TRENDnet,All Electronics,performance,negative,this things to work
1338,neutral,3.0,,,performance,positive,fast portable and works
1338,neutral,3.0,,,build_quality,negative,proprietary cord is gonna get left
1339,neutral,3.0,Coby,Camera & Photo,connectivity,negative,the sd card reader on the coby frames cannot read any of my sd cards
1340,neutral,3.0,Logitech,All Electronics,design,positive,the size works perfectly
1340,neutral,3.0,Logitech,All Electronics,connectivity,positive,uses logitech unifying technology
1341,negative,1.0,Mudder,Computers,design,negative,it isn't what i expected
1341,negative,1.0,Mudder,Computers,build_quality,negative,would work better if it could be mounted
1342,negative,1.0,,,build_quality,negative,false advertising seller described that this unit could be used with rechargeable battery pack
1342,negative,1.0,,,design,negative,picture of unit is not the same as i received
1342,negative,1.0,,,performance,negative,unit turns on and works for a few minutes but will freeze up
1342,negative,1.0,,,delivery,negative,seller described that this unit could be used with rechargeable battery pack
1343,negative,1.0,Logitech,Home Audio & Theater,connectivity,negative,software informed me that it can't control my pioneer av reciever
1343,negative,1.0,Logitech,Home Audio & Theater,price_value,negative,middle of the road quality not elite for me at this price point
1343,negative,1.0,Logitech,Home Audio & Theater,software_app,negative,software informed me that it can't control my pioneer av reciever
1343,negative,1.0,Logitech,Home Audio & Theater,performance,negative,if the basics are not covered
1344,neutral,3.0,,,design,positive,beautiful case
1344,neutral,3.0,,,design,negative,not a mid tower
1345,negative,1.0,Gigabyte,,price_value,negative,waste of money
1345,negative,1.0,Gigabyte,,performance,negative,just died on me last month
1346,neutral,3.0,,,design,positive,adjustable and be able to stretch and pull the screen
1346,neutral,3.0,,,price_value,positive,this for the price does the job
1347,negative,2.0,,,design,negative,a small dedicated device
1347,negative,2.0,,,software_app,negative,the menu is not the same
1348,neutral,3.0,KUPOO,Computers,price_value,negative,mouse is cheap
1348,neutral,3.0,KUPOO,Computers,build_quality,negative,buttons are odd to push
1349,negative,2.0,iRiver,Home Audio & Theater,software_app,negative,firmware on this device is severly lacking
1349,negative,2.0,iRiver,Home Audio & Theater,customer_service,negative,on hold for 35 40 minutes to te
1350,positive,5.0,Pelican,All Electronics,build_quality,positive,overkill protection for critical items
1350,positive,5.0,Pelican,All Electronics,build_quality,negative,literally sprung open
1351,positive,5.0,DGK Color Tools,Camera & Photo,camera,positive,she likes it
1352,negative,2.0,,,customer_service,negative,this remote cannot be opened by even logitech
1352,negative,2.0,,,build_quality,negative,water goes in and a few buttons are not working
1353,neutral,3.0,Magnavox,All Electronics,price_value,positive,good deal for me
1353,neutral,3.0,Magnavox,All Electronics,performance,positive,very easy to set up
1353,neutral,3.0,Magnavox,All Electronics,screen_display,positive,picture quality and sound are also just as good
1353,neutral,3.0,Magnavox,All Electronics,sound_audio,positive,picture quality and sound are also just as good
1353,neutral,3.0,Magnavox,All Electronics,build_quality,positive,never gives me any problems
1354,negative,1.0,HP,Computers,performance,negative,can't do s with this computer
1354,negative,1.0,HP,Computers,price_value,negative,wasting money
1355,neutral,3.0,,,build_quality,negative,plastic tip it makes a lot of noise
1355,neutral,3.0,,,performance,negative,doesn't write any better than rubber tips
1356,neutral,3.0,,,sound_audio,positive,they sound fine
1356,neutral,3.0,,,sound_audio,negative,weird clicking sound
1357,neutral,3.0,Logitech,All Electronics,performance,positive,gets the job done
1357,neutral,3.0,Logitech,All Electronics,connectivity,neutral,four slots for the usb
1357,neutral,3.0,Logitech,All Electronics,design,negative,the cable it came with is really short
1357,neutral,3.0,Logitech,All Electronics,price_value,negative,bit pricey for what it's worth
1359,positive,5.0,Mediasonic,Computers,build_quality,positive,fit my sata hard drive perfectly
1359,positive,5.0,Mediasonic,Computers,design,positive,looks good
1359,positive,5.0,Mediasonic,Computers,performance,positive,works well
1360,positive,5.0,,,build_quality,negative,they were bent and didn't close right
1361,neutral,3.0,Modern Photonics,Camera & Photo,performance,negative,it would not focus
1361,neutral,3.0,Modern Photonics,Camera & Photo,customer_service,positive,they promptly got back to me
1362,neutral,3.0,Matrox,All Electronics,price_value,negative,a bit expensive when there are alternatives
1362,neutral,3.0,Matrox,All Electronics,screen_display,negative,basically just makes 3 screens one big screen
1363,positive,5.0,,,battery_life,positive,it lasted me really long
1364,neutral,3.0,,,camera,negative,you have to take the other filters with and swap out in the water
1364,neutral,3.0,,,camera,negative,air bubbles are easily trapped inside which can ruin your shots
1365,negative,1.0,,,connectivity,negative,only came with a 5ft electrical cord
1365,negative,1.0,,,build_quality,negative,cord can not be replaced
1366,negative,2.0,E-PRANCE,Cell Phones & Accessories,price_value,positive,cost half as much as the camera
1366,negative,2.0,E-PRANCE,Cell Phones & Accessories,performance,positive,does almost everything i want it to
1368,neutral,3.0,,,performance,negative,takes 2 3 seconds for the 5d mark ii to start up
1370,neutral,3.0,Chuanganzhuo,Computers,connectivity,negative,this drive will not work as the usb c ports on macs don't offer power
1371,neutral,3.0,,,build_quality,positive,fit me better than i thought prior to purchasing these pads
1373,positive,5.0,,,delivery,negative,receiving an incorrect item
1374,neutral,3.0,,,delivery,positive,i received them in a timely manner
1374,neutral,3.0,,,build_quality,positive,now it's very sturdy
1375,positive,5.0,waka,Camera & Photo,build_quality,positive,on off process is smooth and fast
1375,positive,5.0,waka,Camera & Photo,build_quality,positive,lens cap fits perfectly
1375,positive,5.0,waka,Camera & Photo,camera,positive,no shadow at 18mm which is nice
1376,neutral,3.0,,,sound_audio,positive,i love that i can listen to music in the shower
1376,neutral,3.0,,,battery_life,negative,the battery doesnt last that long
1377,negative,1.0,Nikon,Camera & Photo,build_quality,positive,light weight
1377,negative,1.0,Nikon,Camera & Photo,camera,negative,the sensor is about the size of a point and shoot camera
1377,negative,1.0,Nikon,Camera & Photo,camera,negative,the clarity of the photos is very poor
1377,negative,1.0,Nikon,Camera & Photo,delivery,negative,the return time has expired
1377,negative,1.0,Nikon,Camera & Photo,customer_service,negative,nikon takes no responsibility
1378,negative,2.0,iHome,Tools & Home Improvement,connectivity,negative,it certainly gives a false impression that
1379,neutral,3.0,Evecase,Cell Phones & Accessories,design,negative,it's very tight when i get my canon sx60hs into it
1379,neutral,3.0,Evecase,Cell Phones & Accessories,build_quality,negative,the camera definitely won't be moving around in the bag
1380,neutral,3.0,HDE,Video Games,price_value,positive,it's cheap
1380,neutral,3.0,HDE,Video Games,build_quality,negative,i'd like it to be heavier
1380,neutral,3.0,HDE,Video Games,software_app,neutral,you do need the software
1381,positive,5.0,,,screen_display,positive,great lighting
1381,positive,5.0,,,sound_audio,positive,better sound
1381,positive,5.0,,,price_value,positive,fantastic for the price
1381,positive,5.0,,,sound_audio,positive,bass shakes the table
1383,negative,1.0,,,camera,negative,camera is upside down
1383,negative,1.0,,,build_quality,negative,snapped apart
1384,positive,4.0,,,connectivity,negative,on the bottom bracket you need to move
1385,negative,2.0,SAMSUNG,Home Audio & Theater,connectivity,negative,they are not compatible with this unit
1386,positive,5.0,,,performance,positive,fast transfers even with my usb card reader
1386,positive,5.0,,,performance,positive,received about a 6g per minute
1386,positive,5.0,,,connectivity,positive,usb card reader on my usb hub
1386,positive,5.0,,,price_value,positive,will buy more
1387,positive,5.0,XBRN,Computers,design,positive,thin so they do not interfere
1387,positive,5.0,XBRN,Computers,performance,positive,these worked great
1387,positive,5.0,XBRN,Computers,design,positive,my keyboard is currently red
1387,positive,5.0,XBRN,Computers,design,positive,these save my keyboard and keep
1387,positive,5.0,XBRN,Computers,design,positive,i would rather wear through these
1387,positive,5.0,XBRN,Computers,design,positive,i can wash them and have
1388,positive,5.0,Wilson Electronics,All Electronics,connectivity,positive,smaller connector
1390,positive,5.0,,,price_value,positive,at the price it is excellent
1390,positive,5.0,,,connectivity,positive,get all my possible channels in the area
1390,positive,5.0,,,build_quality,positive,everything was included except the mounting pole
1390,positive,5.0,,,build_quality,neutral,received it with a crack on the bottom of the rotor buster control box
1391,neutral,3.0,Uniden,Car Electronics,performance,positive,range is decent for the price we tested
1391,neutral,3.0,Uniden,Car Electronics,battery_life,negative,batteries do not last nearly as long as advertised
1392,negative,2.0,Fosmon,All Electronics,price_value,positive,not sure there is anything out there that would do what i want for the price
1392,negative,2.0,Fosmon,All Electronics,performance,negative,doesn't switch back despite having power and putting in the correct order
1393,negative,1.0,Kensington,All Electronics,build_quality,negative,both died after about 6 months
1393,negative,1.0,Kensington,All Electronics,price_value,negative,i would look for another brand
1394,neutral,3.0,,,performance,positive,these really work quite well
1394,neutral,3.0,,,build_quality,negative,just a tiny bit of plastic and a magnet
1394,neutral,3.0,,,price_value,negative,how can they cost this much
1395,negative,2.0,Toshiba,All Electronics,performance,positive,when it worked it did both jobs very well
1395,negative,2.0,Toshiba,All Electronics,price_value,negative,very short warranty
1396,negative,2.0,HIRO,All Electronics,price_value,negative,cheap price comes a cheap product
1396,negative,2.0,HIRO,All Electronics,performance,negative,my internet is still the same
1397,neutral,3.0,Livescribe,Computers,build_quality,negative,the tip kept coming off
1398,positive,4.0,Belkin,Amazon Devices,performance,positive,this cover holds your Kindle snugly and doesn't appear to interfere with any of the buttons
1398,positive,4.0,Belkin,Amazon Devices,design,positive,chambray color was perfect
1399,positive,5.0,Noctua,Computers,performance,positive,temperature hovers around 68 70
1399,positive,5.0,Noctua,Computers,build_quality,positive,extremely good static pressure low noise
1400,negative,1.0,LaCie,All Electronics,sound_audio,negative,high pitch noise was really annoying
1400,negative,1.0,LaCie,All Electronics,performance,positive,performance is fine
1401,negative,1.0,,,build_quality,negative,it was quite heavy
1401,negative,1.0,,,camera,negative,didn't make much difference in its focal length
1402,positive,4.0,Acer,Computers,build_quality,negative,the keyboard is lighter than the tablet making it easy to tip over
1402,positive,4.0,Acer,Computers,battery_life,negative,install an extra battery in the keyboard for more power
1403,positive,5.0,,,design,positive,pretty design
1403,positive,5.0,,,build_quality,positive,held up well to being tossed
1404,positive,4.0,Memorex,Home Audio & Theater,performance,positive,80 minute cds they work perfectly
1404,positive,4.0,Memorex,Home Audio & Theater,price_value,positive,priced well
1404,positive,4.0,Memorex,Home Audio & Theater,build_quality,negative,included cd cases can have trouble staying closed
1407,neutral,3.0,JBL Professional,Musical Instruments,sound_audio,positive,sounds amazing very loud speaker
1407,neutral,3.0,JBL Professional,Musical Instruments,sound_audio,negative,mines burned out after the third use
1407,neutral,3.0,JBL Professional,Musical Instruments,customer_service,negative,warranty is garbage fake
1408,negative,1.0,SONXTRONIC,All Electronics,performance,negative,headphones failed after a few months of use
1409,neutral,3.0,,,price_value,positive,these were way cheaper than oem
1409,neutral,3.0,,,sound_audio,negative,sound level coming out of this one is way lower
1410,positive,4.0,SYLVANIA,All Electronics,price_value,positive,this is a great deal for the money
1410,positive,4.0,SYLVANIA,All Electronics,screen_display,positive,the picture is very clear sharp and bright
1410,positive,4.0,SYLVANIA,All Electronics,design,positive,it is a wall mountable
1411,neutral,3.0,,,design,positive,the original ball foam tip things work the best
1412,positive,4.0,,,price_value,positive,was a great deal consider that many of us have already spent 30 40 for a tablet case so overall 60 for my 10 tablet isn't too bad
1413,negative,2.0,PHILIPS,Home Audio & Theater,performance,negative,did not program properly
1413,negative,2.0,PHILIPS,Home Audio & Theater,customer_service,positive,seller was not able to help and simply gave a credit
1414,negative,1.0,,,battery_life,negative,it chewed through batteries
1414,negative,1.0,,,performance,negative,it just stopped working
1415,positive,5.0,Kattee,Camera & Photo,design,positive,the perfect back pack for my particular needs
1416,negative,2.0,,,performance,negative,many times when i am watching tv the tv shuts itself off
1417,neutral,3.0,,,connectivity,negative,usb is a bit wonky
1417,neutral,3.0,,,performance,negative,requires reboot often
1418,positive,5.0,,,camera,positive,they work great
1418,positive,5.0,,,price_value,positive,4 gb for what i need
1418,positive,5.0,,,performance,positive,not as fast as a class 10 but no noticeable delay
1419,neutral,3.0,,,build_quality,negative,after about 2 months the soft ear pieces started getting loose
1419,neutral,3.0,,,build_quality,negative,they get tangled on my pocket constantly
1420,positive,4.0,ORICO,All Electronics,battery_life,neutral,how long it lasts
1422,neutral,3.0,SwissGear,Computers,build_quality,negative,very cheap materials
1422,neutral,3.0,SwissGear,Computers,design,neutral,looks okay
1423,positive,5.0,Evertech,Camera & Photo,design,positive,nice housing for outdoor use
1423,positive,5.0,Evertech,Camera & Photo,delivery,positive,mount was sold with this housing
1424,neutral,3.0,Belkin,All Electronics,design,positive,retractable cord no more tangled wires
1424,neutral,3.0,Belkin,All Electronics,build_quality,neutral,ergonomically this is really only ok
1424,neutral,3.0,Belkin,All Electronics,build_quality,negative,size is just too small to be comfortable
1424,neutral,3.0,Belkin,All Electronics,performance,positive,this really is my back up
1425,negative,1.0,BOWER,Camera & Photo,design,negative,it arrived it didn't have any markings on it
1425,negative,1.0,BOWER,Camera & Photo,build_quality,negative,the one i got should have had a stop to keep it from turning
1426,neutral,3.0,,,build_quality,negative,device will slip out of the rubber housing
1426,neutral,3.0,,,connectivity,negative,USB connection holds the unit itself
1427,negative,1.0,,,camera,negative,the flash is terrible
1427,negative,1.0,,,camera,negative,it operates the flash only when it wants to
1427,negative,1.0,,,camera,negative,it times out
1428,negative,1.0,Aurabeam,All Electronics,screen_display,negative,screen display is awful
1428,negative,1.0,Aurabeam,All Electronics,price_value,positive,as cheap as it was
1429,negative,1.0,Amazon Renewed,Computers,performance,negative,good hard drive
1429,negative,1.0,Amazon Renewed,Computers,performance,negative,it's garbage
1430,negative,2.0,,,design,negative,poor design
1430,negative,2.0,,,build_quality,negative,bolts should have been designed to stay attached
1431,negative,1.0,Cobra,Cell Phones & Accessories,software_app,negative,ios app will interfere with your bluetooth calls
1431,negative,1.0,Cobra,Cell Phones & Accessories,software_app,positive,google maps resolved this same issue
1431,negative,1.0,Cobra,Cell Phones & Accessories,camera,negative,detect when you are above the speed limit
1431,negative,1.0,Cobra,Cell Phones & Accessories,build_quality,negative,range is 50 than with the escort passport solo 2
1431,negative,1.0,Cobra,Cell Phones & Accessories,price_value,negative,return the unit for a full refund
1432,positive,5.0,Amped Wireless,All Electronics,connectivity,positive,it finds wifi transmission and amps it up
1432,positive,5.0,Amped Wireless,All Electronics,performance,positive,it truly does what the seller says it will do
1432,positive,5.0,Amped Wireless,All Electronics,design,positive,i carry it in my computer backpack or you can permanently mount it
1433,positive,5.0,Logitech,All Electronics,connectivity,positive,you only need to use 1 usb adapter
1434,neutral,3.0,,,design,positive,liked the look of it too
1435,neutral,3.0,MASTER & DYNAMIC,Amazon Home,design,negative,visual appeal with a premium price
1435,neutral,3.0,MASTER & DYNAMIC,Amazon Home,price_value,positive,smarte
1436,negative,2.0,Sony,Home Audio & Theater,design,negative,it needs an over the ear clamp for the ear for such a weighty
1437,negative,1.0,,,connectivity,negative,poor signal strength
1437,negative,1.0,,,build_quality,negative,antenna itself seems bad
1437,negative,1.0,,,performance,negative,amplifier does work
1439,negative,1.0,burg,,design,positive,a perfect fit for kid
1439,negative,1.0,burg,,connectivity,positive,could be able to make phone calls
1441,neutral,3.0,,,delivery,negative,took several hours and a lot of resets
1441,neutral,3.0,,,performance,positive,it's been good not great
1441,neutral,3.0,,,connectivity,positive,single extension is really great
1442,negative,2.0,,,price_value,negative,way too darn high of a price point
1442,negative,2.0,,,build_quality,negative,just a vibrating backpack
1443,neutral,3.0,,,sound_audio,positive,adequate really decent sound
1443,neutral,3.0,,,design,positive,compact for portability
1443,neutral,3.0,,,battery_life,positive,lasts long time on a charge
1443,neutral,3.0,,,build_quality,negative,stiffer and heavier than previous versions
1443,neutral,3.0,,,build_quality,negative,cable is so stiff with permanent set
1444,positive,5.0,,,performance,positive,how this work on my laptop
1444,positive,5.0,,,delivery,positive,it came in a timely mannor
1446,positive,5.0,,,design,positive,nice case i like the feel and look
1446,positive,5.0,,,build_quality,positive,helped me keep it dry in wet conditions
1447,neutral,3.0,Linksys,All Electronics,connectivity,positive,this has been the easiest to install
1448,positive,5.0,,,connectivity,positive,connectivity was nice
1448,positive,5.0,,,sound_audio,positive,sound quality was wonderful
1449,negative,2.0,EVGA,Computers,price_value,positive,good value at it's price point
1450,positive,5.0,,,battery_life,positive,perfect power supply for the money
1450,positive,5.0,,,build_quality,positive,power accessory attachments it came with
1450,positive,5.0,,,battery_life,positive,600 watt supply should meet my needs
1451,neutral,3.0,Pyle,Home Audio & Theater,connectivity,negative,there is occasional static and loss of signal
1451,neutral,3.0,Pyle,Home Audio & Theater,price_value,positive,worth the money
1453,neutral,3.0,eCostConnection,Camera & Photo,price_value,positive,does it's job for price
1453,neutral,3.0,eCostConnection,Camera & Photo,performance,negative,only good for inside or on a day with no wind
1453,neutral,3.0,eCostConnection,Camera & Photo,build_quality,negative,made of plastic and will definitely blow over
1454,negative,2.0,YKS,Amazon Home,sound_audio,negative,very noisy in my quiet office
1454,negative,2.0,YKS,Amazon Home,price_value,negative,return it if the sound does not get
1455,neutral,3.0,,,sound_audio,positive,2 way intercom you can mount this by your front door and talk with visitors before you let them in
1456,negative,1.0,,,performance,negative,overheated and died
1457,neutral,3.0,,,performance,positive,it does work with my phanteks enthoo luxe case lighting quite well
1457,neutral,3.0,,,build_quality,negative,the adhesive on the product is quite low quality
1458,negative,1.0,,,performance,negative,it didn't work
1460,neutral,3.0,Teac,Home Audio & Theater,performance,negative,usb starts playing songs in the middle
1461,positive,4.0,Celestron,Camera & Photo,build_quality,positive,holds back dew very well
1461,positive,4.0,Celestron,Camera & Photo,performance,positive,functions very well to keep stray light
1461,positive,4.0,Celestron,Camera & Photo,design,positive,lining up the velcro strap so that the tub is straight
1462,neutral,3.0,Rankie,Computers,connectivity,negative,only one of the adapters worked upon arrival
1463,neutral,3.0,Speck,All Electronics,build_quality,negative,how much heavier it makes your laptop setup
1464,neutral,3.0,NYKKOLA,All Electronics,performance,negative,didn't work for us we weren't able to use it
1464,neutral,3.0,NYKKOLA,All Electronics,delivery,negative,it didn't work for us
1465,negative,1.0,,,build_quality,negative,two were broken
1465,negative,1.0,,,build_quality,negative,the other fell apart
1466,positive,5.0,,,design,positive,great bag
1468,neutral,3.0,,,build_quality,positive,very well built
1468,neutral,3.0,,,price_value,positive,price is quite reasonable
1468,neutral,3.0,,,connectivity,negative,Bluetooth connection with an iphone 5 is a bit spotty
1469,positive,5.0,,,performance,positive,it's fast and easily overclocked
1470,positive,5.0,Western Digital,Computers,performance,positive,has performed perfectly
1470,positive,5.0,Western Digital,Computers,build_quality,positive,runs quietly and stably
1471,negative,1.0,UPVEL,Computers,performance,negative,stopped working last week
1471,negative,1.0,UPVEL,Computers,camera,negative,turns on cameras for a couple minutes
1471,negative,1.0,UPVEL,Computers,customer_service,negative,didn't even have a name or greeting
1472,positive,5.0,,,performance,positive,cards work great so far
1472,positive,5.0,,,price_value,positive,were reasonably priced
1473,negative,1.0,Case Logic,Cell Phones & Accessories,design,positive,the nuvi 760 fits in this case just fine
1473,negative,1.0,Case Logic,Cell Phones & Accessories,screen_display,negative,screen could be damaged by anything else
1473,negative,1.0,Case Logic,Cell Phones & Accessories,build_quality,negative,case back is concave facing the front
1474,positive,4.0,Logitech,All Electronics,design,positive,very smart looking set
1474,positive,4.0,Logitech,All Electronics,performance,positive,incredibly easy to set up
1474,positive,4.0,Logitech,All Electronics,delivery,positive,the box is simply packaged
1474,positive,4.0,Logitech,All Electronics,build_quality,positive,glossy volume dial and logitech logos
1475,neutral,3.0,,,performance,positive,USB 3.0 is fast and is close to my SATA drive
1477,positive,5.0,,,connectivity,positive,this thing is a life saver
1478,neutral,3.0,,,build_quality,neutral,the leather is of ok quality
1479,negative,2.0,,,design,positive,port spacing is good
1479,negative,2.0,,,design,negative,usb ports are inadequately powered
1479,negative,2.0,,,design,negative,poor design
1479,negative,2.0,,,design,negative,device will slip out slightly
1480,positive,5.0,,,build_quality,positive,built well
1480,positive,5.0,,,design,positive,nice color lens is clear
1481,neutral,3.0,,,connectivity,positive,the cursor is much more stable than wireless one
1481,neutral,3.0,,,performance,positive,it works fine
1482,negative,1.0,,,build_quality,positive,usb hub build quality appearance
1482,negative,1.0,,,design,positive,thin blue led strip along the top
1482,negative,1.0,,,build_quality,positive,cable to the usb plug appears to be thick and sturdy
1482,negative,1.0,,,design,positive,4 3 x 1 3 x 0 9 it has a small compact
1483,positive,5.0,ASUS,,connectivity,positive,drowned out my old 2.4g signal
1483,positive,5.0,ASUS,,performance,positive,much faster 5g signal
1483,positive,5.0,ASUS,,software_app,positive,one of the best and easiest
1485,negative,1.0,Juiced Systems,Computers,connectivity,negative,cable end is for an ipod
1485,negative,1.0,Juiced Systems,Computers,build_quality,negative,cable measures just a hair over 3 feet
1486,negative,1.0,Fosmon,Home Audio & Theater,sound_audio,negative,no sound
1486,negative,1.0,Fosmon,Home Audio & Theater,screen_display,positive,great picture
1487,positive,4.0,,,build_quality,negative,quick disconnect plate requires a fair amount of fiddling
1487,positive,4.0,,,price_value,positive,at this price i can live with it
1488,negative,1.0,,,battery_life,negative,it will not hold a charge
1489,positive,5.0,,,performance,positive,works great
1490,negative,2.0,Amazon Basics,All Electronics,performance,negative,doesn't seem to write or read very quickly
1490,negative,2.0,Amazon Basics,All Electronics,camera,negative,irreproducible photos off of the card
1491,positive,5.0,,,connectivity,positive,lots of charging ports
1491,positive,5.0,,,design,positive,portable package
1492,positive,5.0,,,design,positive,it is fantastic
1493,negative,1.0,PC Accessories,All Electronics,build_quality,negative,pins are way too big for arduino pin connections
1495,negative,2.0,Onkyo,Home Audio & Theater,sound_audio,negative,overhead sound effect to work
1497,neutral,3.0,,,performance,negative,much faster than and platter drives
1497,neutral,3.0,,,price_value,positive,decently fast drive for budget dollars
1498,negative,2.0,,,design,positive,very nice fitting
1498,negative,2.0,,,build_quality,positive,the cord itself is extraordinarily thin
1498,negative,2.0,,,build_quality,negative,flexible strings behind the ear
1498,negative,2.0,,,performance,positive,the remote does it's job
1498,negative,2.0,,,sound_audio,negative,just could not get over the sound
1499,negative,1.0,Microsoft,Cell Phones & Accessories,performance,negative,it stopped
1499,negative,1.0,Microsoft,Cell Phones & Accessories,software_app,negative,reloaded drivers from both ms and the pharos site reinstalled software and trips nothing
1499,negative,1.0,Microsoft,Cell Phones & Accessories,build_quality,positive,it worked out of the box
